ID,Construction_ID,Parameter_ID,Code_ID,Value,Comment
1-rmform,1,rmform,,që,që might also be a Latin loanword
1-ncases,1,ncases,ncases-0,0,
1-nclass,1,nclass,nclass-0,0,
1-nnumber,1,nnumber,nnumber-0,0,
1-int,1,int,int-relatedmaybe,relatedmaybe,
1-origin,1,origin,origin-kworl,KW or L,
1-comp,1,comp,comp-yes,yes,
1-genre,1,genre,genre-spoken,spoken,
2-rmform,2,rmform,,i cili ~ e cila,
2-ncases,2,ncases,ncases-3,3,
2-nclass,2,nclass,nclass-2,2,
2-nnumber,2,nnumber,nnumber-2,2,
2-int,2,int,int-yes,yes,
2-origin,2,origin,origin-kw,KW,
2-comp,2,comp,comp-no,no,
2-genre,2,genre,genre-written,written,
3-rmform,3,rmform,,që,që might also be a Latin loanword
3-ncases,3,ncases,ncases-0,0,
3-nclass,3,nclass,nclass-0,0,
3-nnumber,3,nnumber,nnumber-0,0,
3-int,3,int,int-relatedmaybe,relatedmaybe,
3-origin,3,origin,origin-kworl,KW or L,
3-comp,3,comp,comp-yes,yes,
3-genre,3,genre,genre-spoken,spoken,
4-rmform,4,rmform,,i cili ~ e cila,
4-ncases,4,ncases,ncases-3,3,
4-nclass,4,nclass,nclass-2,2,
4-nnumber,4,nnumber,nnumber-2,2,
4-int,4,int,int-yes,yes,
4-origin,4,origin,origin-kw,KW,
4-comp,4,comp,comp-no,no,
4-genre,4,genre,genre-written,written,
5-rmform,5,rmform,,kuiš ~ kuit,
5-ncases,5,ncases,ncases-5,5,
5-nclass,5,nclass,nclass-2,2,
5-nnumber,5,nnumber,nnumber-2,2,
5-int,5,int,int-yes,yes,
5-origin,5,origin,origin-kw,KW,
5-comp,5,comp,comp-yes,yes,
5-genre,5,genre,genre-written,written,
6-rmform,6,rmform,,kuīš ~ kui,"maybe also used as comp., but unknown so far"
6-ncases,6,ncases,ncases-4,4,
6-nclass,6,nclass,nclass-2,2,
6-nnumber,6,nnumber,nnumber-2,2,
6-int,6,int,int-yes,yes,
6-origin,6,origin,origin-kw,KW,
6-comp,6,comp,comp-na,NA,
6-genre,6,genre,genre-written,written,
7-rmform,7,rmform,,kwi:s ~ kwadi,
7-ncases,7,ncases,ncases-4,4,
7-nclass,7,nclass,nclass-2,2,
7-nnumber,7,nnumber,nnumber-2,2,
7-int,7,int,int-yes,yes,
7-origin,7,origin,origin-kw,KW,
7-comp,7,comp,comp-na,NA,
7-genre,7,genre,genre-written,written,
8-rmform,8,rmform,,or,could be from YO or KW
8-ncases,8,ncases,ncases-5,5,
8-nclass,8,nclass,nclass-0,0,
8-nnumber,8,nnumber,nnumber-2,2,
8-int,8,int,int-yes,yes,
8-origin,8,origin,origin-na,NA,
8-comp,8,comp,comp-no,no,
8-genre,8,genre,genre-written,written,
9-rmform,9,rmform,,or,could be from YO or KW
9-ncases,9,ncases,ncases-5,5,
9-nclass,9,nclass,nclass-0,0,
9-nnumber,9,nnumber,nnumber-2,2,
9-int,9,int,int-yes,yes,
9-origin,9,origin,origin-na,NA,
9-comp,9,comp,comp-yes,yes,
9-genre,9,genre,genre-both,both,
10-rmform,10,rmform,,inč,"rare, could be from YO or KW"
10-ncases,10,ncases,ncases-5,5,
10-nclass,10,nclass,nclass-0,0,
10-nnumber,10,nnumber,nnumber-0,0,
10-int,10,int,int-yes,yes,
10-origin,10,origin,origin-na,NA,
10-comp,10,comp,comp-yes,yes,
10-genre,10,genre,genre-both,both,
11-rmform,11,rmform,,kas,
11-ncases,11,ncases,ncases-4,4,
11-nclass,11,nclass,nclass-3,3,
11-nnumber,11,nnumber,nnumber-2,2,
11-int,11,int,int-yes,yes,
11-origin,11,origin,origin-kwyo,KW+YO,
11-comp,11,comp,comp-na,NA,
11-genre,11,genre,genre-written,written,
12-rmform,12,rmform,,kurš,
12-ncases,12,ncases,ncases-4,4,
12-nclass,12,nclass,nclass-3,3,
12-nnumber,12,nnumber,nnumber-2,2,
12-int,12,int,int-yes,yes,
12-origin,12,origin,origin-na,NA,
12-comp,12,comp,comp-na,NA,
12-genre,12,genre,genre-written,written,
13-rmform,13,rmform,,kas,comp. is related though
13-ncases,13,ncases,ncases-7,7,
13-nclass,13,nclass,nclass-0,0,
13-nnumber,13,nnumber,nnumber-0,0,
13-int,13,int,int-yes,yes,
13-origin,13,origin,origin-kwyo,KW+YO,
13-comp,13,comp,comp-no,no,
13-genre,13,genre,genre-written,written,
14-rmform,14,rmform,,kàs ,
14-ncases,14,ncases,ncases-6,6,
14-nclass,14,nclass,nclass-0,0,
14-nnumber,14,nnumber,nnumber-0,0,
14-int,14,int,int-yes,yes,
14-origin,14,origin,origin-kwyo,KW+YO,
14-comp,14,comp,comp-no,no,
14-genre,14,genre,genre-both,both,
15-rmform,15,rmform,,kurìs ~ kurì,
15-ncases,15,ncases,ncases-6,6,
15-nclass,15,nclass,nclass-2,2,
15-nnumber,15,nnumber,nnumber-2,2,
15-int,15,int,int-yes,yes,
15-origin,15,origin,origin-na,NA,
15-comp,15,comp,comp-no,no,
15-genre,15,genre,genre-both,both,
16-rmform,16,rmform,,kas,comp. ka might be related
16-ncases,16,ncases,ncases-5,5,
16-nclass,16,nclass,nclass-0,0,
16-nnumber,16,nnumber,nnumber-0,0,
16-int,16,int,int-yes,yes,
16-origin,16,origin,origin-kwyo,KW+YO,
16-comp,16,comp,comp-no,no,
16-genre,16,genre,genre-both,both,
17-rmform,17,rmform,,kurš ~ kurša,
17-ncases,17,ncases,ncases-5,5,
17-nclass,17,nclass,nclass-2,2,
17-nnumber,17,nnumber,nnumber-2,2,
17-int,17,int,int-yes,yes,
17-origin,17,origin,origin-na,NA,
17-comp,17,comp,comp-no,no,
17-genre,17,genre,genre-both,both,
18-rmform,18,rmform,,iže ~ yaže ~ yeže,"latter part is a particle, also used for the comp. ō-ze"
18-ncases,18,ncases,ncases-6,6,
18-nclass,18,nclass,nclass-3,3,
18-nnumber,18,nnumber,nnumber-3,3,
18-int,18,int,int-no,no,
18-origin,18,origin,origin-yo,YO,
18-comp,18,comp,comp-no,no,
18-genre,18,genre,genre-written,written,
19-rmform,19,rmform,,čto,
19-ncases,19,ncases,ncases-0,0,
19-nclass,19,nclass,nclass-0,0,
19-nnumber,19,nnumber,nnumber-0,0,
19-int,19,int,int-yes,yes,
19-origin,19,origin,origin-kw,KW,
19-comp,19,comp,comp-yes,yes,
19-genre,19,genre,genre-spoken,spoken,
20-rmform,20,rmform,,kotoryj ~ kotoraja ~ kotoroe ,
20-ncases,20,ncases,ncases-5,5,
20-nclass,20,nclass,nclass-3,3,
20-nnumber,20,nnumber,nnumber-2,2,
20-int,20,int,int-yes,yes,
20-origin,20,origin,origin-kw,KW,
20-comp,20,comp,comp-no,no,
20-genre,20,genre,genre-both,both,
21-rmform,21,rmform,,iže ~ ježe ~ jaže,
21-ncases,21,ncases,ncases-6,6,
21-nclass,21,nclass,nclass-3,3,
21-nnumber,21,nnumber,nnumber-3,3,
21-int,21,int,int-no,no,
21-origin,21,origin,origin-yo,YO,
21-comp,21,comp,comp-no,no,
21-genre,21,genre,genre-written,written,
22-rmform,22,rmform,,deto,
22-ncases,22,ncases,ncases-0,0,
22-nclass,22,nclass,nclass-0,0,
22-nnumber,22,nnumber,nnumber-0,0,
22-int,22,int,int-related,related,
22-origin,22,origin,origin-kw,KW,
22-comp,22,comp,comp-yes,yes,
22-genre,22,genre,genre-spoken,spoken,
23-rmform,23,rmform,,kojto ~ kojato ~ koeto,
23-ncases,23,ncases,ncases-3,3,
23-nclass,23,nclass,nclass-3,3,
23-nnumber,23,nnumber,nnumber-2,2,
23-int,23,int,int-related,related,
23-origin,23,origin,origin-kw,KW,
23-comp,23,comp,comp-no,no,
23-genre,23,genre,genre-both,both,
24-rmform,24,rmform,,koji ~ koja ~ koje,
24-ncases,24,ncases,ncases-4,4,
24-nclass,24,nclass,nclass-3,3,
24-nnumber,24,nnumber,nnumber-2,2,
24-int,24,int,int-yes,yes,
24-origin,24,origin,origin-kw,KW,
24-comp,24,comp,comp-no,no,
24-genre,24,genre,genre-spoken,spoken,
25-rmform,25,rmform,,što/šta ,
25-ncases,25,ncases,ncases-0,0,
25-nclass,25,nclass,nclass-0,0,
25-nnumber,25,nnumber,nnumber-0,0,
25-int,25,int,int-yes,yes,
25-origin,25,origin,origin-kw,KW,
25-comp,25,comp,comp-yes,yes,
25-genre,25,genre,genre-spoken,spoken,
26-rmform,26,rmform,,ki,
26-ncases,26,ncases,ncases-0,0,
26-nclass,26,nclass,nclass-0,0,
26-nnumber,26,nnumber,nnumber-0,0,
26-int,26,int,int-no,no,
26-origin,26,origin,origin-na,NA,
26-comp,26,comp,comp-no,no,
26-genre,26,genre,genre-spoken,spoken,
27-rmform,27,rmform,,katěri ~ katéra ~ katére ,
27-ncases,27,ncases,ncases-5,5,
27-nclass,27,nclass,nclass-3,3,
27-nnumber,27,nnumber,nnumber-3,3,
27-int,27,int,int-yes,yes,
27-origin,27,origin,origin-kw,KW,
27-comp,27,comp,comp-no,no,
27-genre,27,genre,genre-spoken,spoken,
28-rmform,28,rmform,,který ~ která ~ které,
28-ncases,28,ncases,ncases-6,6,
28-nclass,28,nclass,nclass-3,3,
28-nnumber,28,nnumber,nnumber-2,2,
28-int,28,int,int-yes,yes,
28-origin,28,origin,origin-kw,KW,
28-comp,28,comp,comp-no,no,
28-genre,28,genre,genre-both,both,
29-rmform,29,rmform,,co,
29-ncases,29,ncases,ncases-0,0,
29-nclass,29,nclass,nclass-0,0,
29-nnumber,29,nnumber,nnumber-0,0,
29-int,29,int,int-yes,yes,
29-origin,29,origin,origin-kw,KW,
29-comp,29,comp,comp-yes,yes,
29-genre,29,genre,genre-spoken,spoken,
30-rmform,30,rmform,,jenž ~ jenže,
30-ncases,30,ncases,ncases-6,6,
30-nclass,30,nclass,nclass-3,3,
30-nnumber,30,nnumber,nnumber-2,2,
30-int,30,int,int-no,no,
30-origin,30,origin,origin-yo,YO,
30-comp,30,comp,comp-no,no,
30-genre,30,genre,genre-written,written,
31-rmform,31,rmform,,który ~ która ~ które,
31-ncases,31,ncases,ncases-4,4,
31-nclass,31,nclass,nclass-3,3,
31-nnumber,31,nnumber,nnumber-2,2,
31-int,31,int,int-yes,yes,
31-origin,31,origin,origin-kw,KW,
31-comp,31,comp,comp-no,no,
31-genre,31,genre,genre-both,both,
32-rmform,32,rmform,,jaki ~ jaka ~ jakie,
32-ncases,32,ncases,ncases-4,4,
32-nclass,32,nclass,nclass-3,3,
32-nnumber,32,nnumber,nnumber-2,2,
32-int,32,int,int-yes,yes,
32-origin,32,origin,origin-na,NA,
32-comp,32,comp,comp-no,no,
32-genre,32,genre,genre-both,both,
33-rmform,33,rmform,,co,
33-ncases,33,ncases,ncases-0,0,
33-nclass,33,nclass,nclass-0,0,
33-nnumber,33,nnumber,nnumber-0,0,
33-int,33,int,int-yes,yes,
33-origin,33,origin,origin-kw,KW,
33-comp,33,comp,comp-no,no,
33-genre,33,genre,genre-spoken,spoken,
34-rmform,34,rmform,,štož ~ štóž,
34-ncases,34,ncases,ncases-4,4,
34-nclass,34,nclass,nclass-2,2,
34-nnumber,34,nnumber,nnumber-2,2,
34-int,34,int,int-yes,yes,
34-origin,34,origin,origin-kw,KW,
34-comp,34,comp,comp-no,no,
34-genre,34,genre,genre-both,both,
35-rmform,35,rmform,,kotryž,
35-ncases,35,ncases,ncases-4,4,
35-nclass,35,nclass,nclass-3,3,
35-nnumber,35,nnumber,nnumber-2,2,
35-int,35,int,int-yes,yes,
35-origin,35,origin,origin-kw,KW,
35-comp,35,comp,comp-no,no,
35-genre,35,genre,genre-both,both,
36-rmform,36,rmform,,io,interrogatives are not attested but they never go back to yo in IE
36-ncases,36,ncases,ncases-0,0,
36-nclass,36,nclass,nclass-0,0,
36-nnumber,36,nnumber,nnumber-0,0,
36-int,36,int,int-no,no,
36-origin,36,origin,origin-yo,YO,
36-comp,36,comp,comp-na,NA,
36-genre,36,genre,genre-written,written,
37-rmform,37,rmform,,a ~ y,special verb inflection
37-ncases,37,ncases,ncases-2,2,
37-nclass,37,nclass,nclass-0,0,
37-nnumber,37,nnumber,nnumber-0,0,
37-int,37,int,int-no,no,
37-origin,37,origin,origin-na,NA,
37-comp,37,comp,comp-no,no,
37-genre,37,genre,genre-spoken,spoken,
38-rmform,38,rmform,,lle ~ pryd ~ pam,"expressions of time, space, reason"
38-ncases,38,ncases,ncases-0,0,
38-nclass,38,nclass,nclass-0,0,
38-nnumber,38,nnumber,nnumber-0,0,
38-int,38,int,int-yes,yes,
38-origin,38,origin,origin-na,NA,
38-comp,38,comp,comp-no,no,
38-genre,38,genre,genre-spoken,spoken,
39-rmform,39,rmform,,-,
39-ncases,39,ncases,ncases-0,0,
39-nclass,39,nclass,nclass-0,0,
39-nnumber,39,nnumber,nnumber-0,0,
39-int,39,int,int-no,no,
39-origin,39,origin,origin-na,NA,
39-comp,39,comp,comp-na,NA,
39-genre,39,genre,genre-written,written,
40-rmform,40,rmform,,a,
40-ncases,40,ncases,ncases-0,0,
40-nclass,40,nclass,nclass-0,0,
40-nnumber,40,nnumber,nnumber-0,0,
40-int,40,int,int-no,no,
40-origin,40,origin,origin-na,NA,
40-comp,40,comp,comp-no,no,
40-genre,40,genre,genre-spoken,spoken,
41-rmform,41,rmform,,izei ~ sei,this is underlyingly a personal pronoun with -ei
41-ncases,41,ncases,ncases-0,0,
41-nclass,41,nclass,nclass-0,0,
41-nnumber,41,nnumber,nnumber-0,0,
41-int,41,int,int-no,no,
41-origin,41,origin,origin-na,NA,
41-comp,41,comp,comp-no,no,
41-genre,41,genre,genre-written,written,
42-rmform,42,rmform,,ei ~ þei,this is the complementizer
42-ncases,42,ncases,ncases-0,0,
42-nclass,42,nclass,nclass-0,0,
42-nnumber,42,nnumber,nnumber-0,0,
42-int,42,int,int-no,no,
42-origin,42,origin,origin-na,NA,
42-comp,42,comp,comp-yes,yes,
42-genre,42,genre,genre-written,written,
43-rmform,43,rmform,,sa-ei ~ þat-ei ~ sō-ei,this is the demonstrative plus a complementizer
43-ncases,43,ncases,ncases-4,4,
43-nclass,43,nclass,nclass-3,3,
43-nnumber,43,nnumber,nnumber-2,2,
43-int,43,int,int-no,no,
43-origin,43,origin,origin-to,TO,
43-comp,43,comp,comp-no,no,
43-genre,43,genre,genre-written,written,
44-rmform,44,rmform,,er ~ sem,
44-ncases,44,ncases,ncases-0,0,
44-nclass,44,nclass,nclass-0,0,
44-nnumber,44,nnumber,nnumber-0,0,
44-int,44,int,int-no,no,
44-origin,44,origin,origin-one,ONE,
44-comp,44,comp,comp-no,no,
44-genre,44,genre,genre-written,written,
45-rmform,45,rmform,,som,
45-ncases,45,ncases,ncases-0,0,
45-nclass,45,nclass,nclass-0,0,
45-nnumber,45,nnumber,nnumber-0,0,
45-int,45,int,int-no,no,
45-origin,45,origin,origin-one,ONE,
45-comp,45,comp,comp-no,no,
45-genre,45,genre,genre-spoken,spoken,
46-rmform,46,rmform,,vars ~ vilkas,
46-ncases,46,ncases,ncases-0,0,
46-nclass,46,nclass,nclass-0,0,
46-nnumber,46,nnumber,nnumber-2,2,
46-int,46,int,int-yes,yes,
46-origin,46,origin,origin-kw,KW,
46-comp,46,comp,comp-no,no,
46-genre,46,genre,genre-written,written,
47-rmform,47,rmform,,vilken ~ vilket,
47-ncases,47,ncases,ncases-0,0,
47-nclass,47,nclass,nclass-0,0,
47-nnumber,47,nnumber,nnumber-2,2,
47-int,47,int,int-yes,yes,
47-origin,47,origin,origin-kw,KW,
47-comp,47,comp,comp-no,no,
47-genre,47,genre,genre-written,written,
48-rmform,48,rmform,,som,
48-ncases,48,ncases,ncases-0,0,
48-nclass,48,nclass,nclass-0,0,
48-nnumber,48,nnumber,nnumber-0,0,
48-int,48,int,int-no,no,
48-origin,48,origin,origin-one,ONE,
48-comp,48,comp,comp-no,no,
48-genre,48,genre,genre-spoken,spoken,
49-rmform,49,rmform,,hvem ~ hva ~ hvilket,
49-ncases,49,ncases,ncases-0,0,
49-nclass,49,nclass,nclass-2,2,
49-nnumber,49,nnumber,nnumber-0,0,
49-int,49,int,int-yes,yes,
49-origin,49,origin,origin-kw,KW,
49-comp,49,comp,comp-no,no,
49-genre,49,genre,genre-written,written,
50-rmform,50,rmform,,wat ~ wie,
50-ncases,50,ncases,ncases-0,0,
50-nclass,50,nclass,nclass-0,0,
50-nnumber,50,nnumber,nnumber-0,0,
50-int,50,int,int-yes,yes,
50-origin,50,origin,origin-kw,KW,
50-comp,50,comp,comp-no,no,
50-genre,50,genre,genre-both,both,
51-rmform,51,rmform,,waar,with non-human antecedents and prepositions
51-ncases,51,ncases,ncases-0,0,
51-nclass,51,nclass,nclass-0,0,
51-nnumber,51,nnumber,nnumber-0,0,
51-int,51,int,int-yes,yes,
51-origin,51,origin,origin-kw,KW,
51-comp,51,comp,comp-no,no,
51-genre,51,genre,genre-both,both,
52-rmform,52,rmform,,welke,
52-ncases,52,ncases,ncases-0,0,
52-nclass,52,nclass,nclass-0,0,
52-nnumber,52,nnumber,nnumber-0,0,
52-int,52,int,int-yes,yes,
52-origin,52,origin,origin-kw,KW,
52-comp,52,comp,comp-no,no,
52-genre,52,genre,genre-written,written,
53-rmform,53,rmform,,die ~ dat,
53-ncases,53,ncases,ncases-0,0,
53-nclass,53,nclass,nclass-2,2,
53-nnumber,53,nnumber,nnumber-0,0,
53-int,53,int,int-no,no,
53-origin,53,origin,origin-to,TO,
53-comp,53,comp,comp-no,no,
53-genre,53,genre,genre-spoken,spoken,
54-rmform,54,rmform,,wie,only with prepositions
54-ncases,54,ncases,ncases-0,0,
54-nclass,54,nclass,nclass-0,0,
54-nnumber,54,nnumber,nnumber-0,0,
54-int,54,int,int-yes,yes,
54-origin,54,origin,origin-kw,KW,
54-comp,54,comp,comp-no,no,
54-genre,54,genre,genre-spoken,spoken,
55-rmform,55,rmform,,wou ~ wat,
55-ncases,55,ncases,ncases-0,0,
55-nclass,55,nclass,nclass-0,0,
55-nnumber,55,nnumber,nnumber-0,0,
55-int,55,int,int-yes,yes,
55-origin,55,origin,origin-kw,KW,
55-comp,55,comp,comp-no,no,
55-genre,55,genre,genre-spoken,spoken,
56-rmform,56,rmform,,deen ~ dat ~ déi,
56-ncases,56,ncases,ncases-3,3,
56-nclass,56,nclass,nclass-3,3,
56-nnumber,56,nnumber,nnumber-2,2,
56-int,56,int,int-no,no,
56-origin,56,origin,origin-to,TO,
56-comp,56,comp,comp-yes,yes,
56-genre,56,genre,genre-spoken,spoken,
57-rmform,57,rmform,,der ~ die ~ das,
57-ncases,57,ncases,ncases-4,4,
57-nclass,57,nclass,nclass-3,3,
57-nnumber,57,nnumber,nnumber-2,2,
57-int,57,int,int-no,no,
57-origin,57,origin,origin-to,TO,
57-comp,57,comp,comp-no,no,
57-genre,57,genre,genre-both,both,
58-rmform,58,rmform,,wo ~ wie ~ warum,
58-ncases,58,ncases,ncases-0,0,
58-nclass,58,nclass,nclass-0,0,
58-nnumber,58,nnumber,nnumber-0,0,
58-int,58,int,int-no,no,
58-origin,58,origin,origin-kw,KW,
58-comp,58,comp,comp-no,no,
58-genre,58,genre,genre-both,both,
59-rmform,59,rmform,,der ~ daz ~ diu,
59-ncases,59,ncases,ncases-4,4,
59-nclass,59,nclass,nclass-3,3,
59-nnumber,59,nnumber,nnumber-2,2,
59-int,59,int,int-no,no,
59-origin,59,origin,origin-to,TO,
59-comp,59,comp,comp-yes,yes,
59-genre,59,genre,genre-written,written,
60-rmform,60,rmform,,der ~ diu ~ daz,only n used as COMP
60-ncases,60,ncases,ncases-4,4,
60-nclass,60,nclass,nclass-3,3,
60-nnumber,60,nnumber,nnumber-2,2,
60-int,60,int,int-no,no,
60-origin,60,origin,origin-to,TO,
60-comp,60,comp,comp-yes,yes,
60-genre,60,genre,genre-written,written,
61-rmform,61,rmform,,dâ ~ dar ~ dannen,local adverbs
61-ncases,61,ncases,ncases-0,0,
61-nclass,61,nclass,nclass-0,0,
61-nnumber,61,nnumber,nnumber-0,0,
61-int,61,int,int-no,no,
61-origin,61,origin,origin-na,NA,
61-comp,61,comp,comp-no,no,
61-genre,61,genre,genre-written,written,
62-rmform,62,rmform,,so ~ und,local adverbs
62-ncases,62,ncases,ncases-0,0,
62-nclass,62,nclass,nclass-0,0,
62-nnumber,62,nnumber,nnumber-0,0,
62-int,62,int,int-no,no,
62-origin,62,origin,origin-na,NA,
62-comp,62,comp,comp-no,no,
62-genre,62,genre,genre-written,written,
63-rmform,63,rmform,,wo,
63-ncases,63,ncases,ncases-0,0,
63-nclass,63,nclass,nclass-0,0,
63-nnumber,63,nnumber,nnumber-0,0,
63-int,63,int,int-yes,yes,
63-origin,63,origin,origin-kw,KW,
63-comp,63,comp,comp-no,no,
63-genre,63,genre,genre-spoken,spoken,
64-rmform,64,rmform,,vos,
64-ncases,64,ncases,ncases-0,0,
64-nclass,64,nclass,nclass-0,0,
64-nnumber,64,nnumber,nnumber-0,0,
64-int,64,int,int-yes,yes,
64-origin,64,origin,origin-kw,KW,
64-comp,64,comp,comp-no,no,
64-genre,64,genre,genre-spoken,spoken,
65-rmform,65,rmform,,velken,"minor strategy, more literary"
65-ncases,65,ncases,ncases-3,3,
65-nclass,65,nclass,nclass-3,3,
65-nnumber,65,nnumber,nnumber-2,2,
65-int,65,int,int-yes,yes,
65-origin,65,origin,origin-kw,KW,
65-comp,65,comp,comp-no,no,
65-genre,65,genre,genre-written,written,
66-rmform,66,rmform,,the ~ thiu ~ that,
66-ncases,66,ncases,ncases-5,5,
66-nclass,66,nclass,nclass-3,3,
66-nnumber,66,nnumber,nnumber-2,2,
66-int,66,int,int-no,no,
66-origin,66,origin,origin-to,TO,
66-comp,66,comp,comp-yes,yes,
66-genre,66,genre,genre-written,written,
67-rmform,67,rmform,,se ~ þæt ~ seo,
67-ncases,67,ncases,ncases-4,4,
67-nclass,67,nclass,nclass-3,3,
67-nnumber,67,nnumber,nnumber-2,2,
67-int,67,int,int-no,no,
67-origin,67,origin,origin-to,TO,
67-comp,67,comp,comp-no,no,
67-genre,67,genre,genre-written,written,
68-rmform,68,rmform,,þe,
68-ncases,68,ncases,ncases-0,0,
68-nclass,68,nclass,nclass-0,0,
68-nnumber,68,nnumber,nnumber-0,0,
68-int,68,int,int-no,no,
68-origin,68,origin,origin-to,TO,
68-comp,68,comp,comp-yes,yes,
68-genre,68,genre,genre-written,written,
69-rmform,69,rmform,,wich þat ~ who þat,
69-ncases,69,ncases,ncases-0,0,
69-nclass,69,nclass,nclass-0,0,
69-nnumber,69,nnumber,nnumber-0,0,
69-int,69,int,int-yes,yes,
69-origin,69,origin,origin-kwto,KW+TO,
69-comp,69,comp,comp-no,no,
69-genre,69,genre,genre-written,written,
70-rmform,70,rmform,,þat,"rare in ME, probably Latin and maybe French influence"
70-ncases,70,ncases,ncases-0,0,
70-nclass,70,nclass,nclass-0,0,
70-nnumber,70,nnumber,nnumber-0,0,
70-int,70,int,int-no,no,
70-origin,70,origin,origin-to,TO,
70-comp,70,comp,comp-yes,yes,
70-genre,70,genre,genre-written,written,
71-rmform,71,rmform,,that,
71-ncases,71,ncases,ncases-0,0,
71-nclass,71,nclass,nclass-0,0,
71-nnumber,71,nnumber,nnumber-0,0,
71-int,71,int,int-no,no,
71-origin,71,origin,origin-to,TO,
71-comp,71,comp,comp-yes,yes,
71-genre,71,genre,genre-both,both,
72-rmform,72,rmform,,who ~ what ~ which,inflection with prepositions
72-ncases,72,ncases,ncases-0,0,
72-nclass,72,nclass,nclass-2,2,
72-nnumber,72,nnumber,nnumber-0,0,
72-int,72,int,int-yes,yes,
72-origin,72,origin,origin-kw,KW,
72-comp,72,comp,comp-no,no,
72-genre,72,genre,genre-both,both,
73-rmform,73,rmform,,thī ~ thiu ~ thet,
73-ncases,73,ncases,ncases-4,4,
73-nclass,73,nclass,nclass-3,3,
73-nnumber,73,nnumber,nnumber-2,2,
73-int,73,int,int-no,no,
73-origin,73,origin,origin-to,TO,
73-comp,73,comp,comp-yes,yes,
73-genre,73,genre,genre-written,written,
74-rmform,74,rmform,,thēr,
74-ncases,74,ncases,ncases-0,0,
74-nclass,74,nclass,nclass-0,0,
74-nnumber,74,nnumber,nnumber-0,0,
74-int,74,int,int-no,no,
74-origin,74,origin,origin-to,TO,
74-comp,74,comp,comp-yes,yes,
74-genre,74,genre,genre-written,written,
75-rmform,75,rmform,,däi,
75-ncases,75,ncases,ncases-0,0,
75-nclass,75,nclass,nclass-0,0,
75-nnumber,75,nnumber,nnumber-0,0,
75-int,75,int,int-no,no,
75-origin,75,origin,origin-to,TO,
75-comp,75,comp,comp-no,no,
75-genre,75,genre,genre-spoken,spoken,
76-rmform,76,rmform,,dit,"there used to be a functional distinction, but this is no longer the case"
76-ncases,76,ncases,ncases-0,0,
76-nclass,76,nclass,nclass-0,0,
76-nnumber,76,nnumber,nnumber-0,0,
76-int,76,int,int-no,no,
76-origin,76,origin,origin-to,TO,
76-comp,76,comp,comp-no,no,
76-genre,76,genre,genre-spoken,spoken,
77-rmform,77,rmform,,wat,"there used to be a functional distinction, but this is no longer the case"
77-ncases,77,ncases,ncases-0,0,
77-nclass,77,nclass,nclass-0,0,
77-nnumber,77,nnumber,nnumber-0,0,
77-int,77,int,int-yes,yes,
77-origin,77,origin,origin-kw,KW,
77-comp,77,comp,comp-no,no,
77-genre,77,genre,genre-spoken,spoken,
78-rmform,78,rmform,,hur,
78-ncases,78,ncases,ncases-0,0,
78-nclass,78,nclass,nclass-0,0,
78-nnumber,78,nnumber,nnumber-0,0,
78-int,78,int,int-yes,yes,
78-origin,78,origin,origin-kw,KW,
78-comp,78,comp,comp-no,no,
78-genre,78,genre,genre-spoken,spoken,
79-rmform,79,rmform,,diar,
79-ncases,79,ncases,ncases-0,0,
79-nclass,79,nclass,nclass-0,0,
79-nnumber,79,nnumber,nnumber-0,0,
79-int,79,int,int-no,no,
79-origin,79,origin,origin-na,NA,
79-comp,79,comp,comp-no,no,
79-genre,79,genre,genre-spoken,spoken,
80-rmform,80,rmform,,hos ~ hē ~ ho,the comp. is based on the indef.rel. n 
80-ncases,80,ncases,ncases-4,4,
80-nclass,80,nclass,nclass-3,3,
80-nnumber,80,nnumber,nnumber-2,2,
80-int,80,int,int-no,no,
80-origin,80,origin,origin-to,TO,
80-comp,80,comp,comp-no,no,
80-genre,80,genre,genre-written,written,
81-rmform,81,rmform,,tís ~ tí,examples of full clauses missing
81-ncases,81,ncases,ncases-3,3,
81-nclass,81,nclass,nclass-2,2,
81-nnumber,81,nnumber,nnumber-2,2,
81-int,81,int,int-yes,yes,
81-origin,81,origin,origin-kw,KW,
81-comp,81,comp,comp-no,no,
81-genre,81,genre,genre-written,written,
82-rmform,82,rmform,,ton ~ tēn ~ to,examples of full clauses missing
82-ncases,82,ncases,ncases-2,2,
82-nclass,82,nclass,nclass-3,3,
82-nnumber,82,nnumber,nnumber-2,2,
82-int,82,int,int-no,no,
82-origin,82,origin,origin-to,TO,
82-comp,82,comp,comp-no,no,
82-genre,82,genre,genre-written,written,
83-rmform,83,rmform,,hostis ~ hētis ~ hoti,
83-ncases,83,ncases,ncases-3,3,
83-nclass,83,nclass,nclass-3,3,
83-nnumber,83,nnumber,nnumber-2,2,
83-int,83,int,int-related,related,
83-origin,83,origin,origin-yokw,YO+KW,
83-comp,83,comp,comp-yes,yes,
83-genre,83,genre,genre-written,written,
84-rmform,84,rmform,,pou,
84-ncases,84,ncases,ncases-0,0,
84-nclass,84,nclass,nclass-0,0,
84-nnumber,84,nnumber,nnumber-0,0,
84-int,84,int,int-yes,yes,
84-origin,84,origin,origin-kw,KW,
84-comp,84,comp,comp-yes,yes,
84-genre,84,genre,genre-both,both,
85-rmform,85,rmform,,o opoios ~ i opoia ~ to opoio,
85-ncases,85,ncases,ncases-3,3,
85-nclass,85,nclass,nclass-3,3,
85-nnumber,85,nnumber,nnumber-2,2,
85-int,85,int,int-related,related,
85-origin,85,origin,origin-tokw,TO+KW,
85-comp,85,comp,comp-yes,yes,
85-genre,85,genre,genre-written,written,
86-rmform,86,rmform,,yáḥ ~ yā́ ~ yát,
86-ncases,86,ncases,ncases-7,7,
86-nclass,86,nclass,nclass-3,3,
86-nnumber,86,nnumber,nnumber-3,3,
86-int,86,int,int-no,no,
86-origin,86,origin,origin-yo,YO,
86-comp,86,comp,comp-no,no,
86-genre,86,genre,genre-written,written,
87-rmform,87,rmform,,yo ~ ya ~ yaṃ,"no examples of full clauses, nothing about complementizer"
87-ncases,87,ncases,ncases-6,6,
87-nclass,87,nclass,nclass-3,3,
87-nnumber,87,nnumber,nnumber-2,2,
87-int,87,int,int-no,no,
87-origin,87,origin,origin-yo,YO,
87-comp,87,comp,comp-na,NA,
87-genre,87,genre,genre-written,written,
88-rmform,88,rmform,,je,also a comp. that is =INT
88-ncases,88,ncases,ncases-5,5,
88-nclass,88,nclass,nclass-3,3,
88-nnumber,88,nnumber,nnumber-2,2,
88-int,88,int,int-no,no,
88-origin,88,origin,origin-yo,YO,
88-comp,88,comp,comp-yes,yes,
88-genre,88,genre,genre-spoken,spoken,
89-rmform,89,rmform,,illi,"RC and CC structure borrowed from Arabic, preposed"
89-ncases,89,ncases,ncases-0,0,
89-nclass,89,nclass,nclass-0,0,
89-nnumber,89,nnumber,nnumber-0,0,
89-int,89,int,int-no,no,
89-origin,89,origin,origin-l,L,
89-comp,89,comp,comp-no,no,
89-genre,89,genre,genre-spoken,spoken,
90-rmform,90,rmform,,jo,the comp. ki seems related to the interrogative pron.
90-ncases,90,ncases,ncases-3,3,
90-nclass,90,nclass,nclass-0,0,
90-nnumber,90,nnumber,nnumber-2,2,
90-int,90,int,int-no,no,
90-origin,90,origin,origin-yo,YO,
90-comp,90,comp,comp-no,no,
90-genre,90,genre,genre-spoken,spoken,
91-rmform,91,rmform,,kaj,the who/what are inflected!; comp. = when I think
91-ncases,91,ncases,ncases-0,0,
91-nclass,91,nclass,nclass-0,0,
91-nnumber,91,nnumber,nnumber-0,0,
91-int,91,int,int-yes,yes,
91-origin,91,origin,origin-kw,KW,
91-comp,91,comp,comp-yes,yes,
91-genre,91,genre,genre-spoken,spoken,
92-rmform,92,rmform,,yo,
92-ncases,92,ncases,ncases-7,7,
92-nclass,92,nclass,nclass-2,2,
92-nnumber,92,nnumber,nnumber-2,2,
92-int,92,int,int-no,no,
92-origin,92,origin,origin-yo,YO,
92-comp,92,comp,comp-na,NA,
92-genre,92,genre,genre-written,written,
93-rmform,93,rmform,,NA,these are non-finite forms!
93-ncases,93,ncases,ncases-0,0,
93-nclass,93,nclass,nclass-0,0,
93-nnumber,93,nnumber,nnumber-0,0,
93-int,93,int,int-no,no,
93-origin,93,origin,origin-na,NA,
93-comp,93,comp,comp-yes,yes,
93-genre,93,genre,genre-spoken,spoken,
94-rmform,94,rmform,,ye(-) ~ ya(-),"meanings like 'where', 'when' are formed by adding recurring elements to the forms given here"
94-ncases,94,ncases,ncases-3,3,
94-nclass,94,nclass,nclass-2,2,
94-nnumber,94,nnumber,nnumber-2,2,
94-int,94,int,int-no,no,
94-origin,94,origin,origin-yo,YO,
94-comp,94,comp,comp-yes,yes,
94-genre,94,genre,genre-spoken,spoken,
95-rmform,95,rmform,,je ~ jaha,
95-ncases,95,ncases,ncases-5,5,
95-nclass,95,nclass,nclass-2,2,
95-nnumber,95,nnumber,nnumber-2,2,
95-int,95,int,int-no,no,
95-origin,95,origin,origin-yo,YO,
95-comp,95,comp,comp-yes,yes,
95-genre,95,genre,genre-spoken,spoken,
96-rmform,96,rmform,,jo ~ je,participles default
96-ncases,96,ncases,ncases-2,2,
96-nclass,96,nclass,nclass-2,2,
96-nnumber,96,nnumber,nnumber-2,2,
96-int,96,int,int-no,no,
96-origin,96,origin,origin-yo,YO,
96-comp,96,comp,comp-na,NA,
96-genre,96,genre,genre-written,written,
97-rmform,97,rmform,,ki ~ kyaa,also non-finite RC and comp.
97-ncases,97,ncases,ncases-0,0,
97-nclass,97,nclass,nclass-0,0,
97-nnumber,97,nnumber,nnumber-0,0,
97-int,97,int,int-yes,yes,
97-origin,97,origin,origin-kw,KW,
97-comp,97,comp,comp-no,no,
97-genre,97,genre,genre-spoken,spoken,
98-rmform,98,rmform,,jo ~ jā,comp. situation probably similar to Kashmiri
98-ncases,98,ncases,ncases-2,2,
98-nclass,98,nclass,nclass-2,2,
98-nnumber,98,nnumber,nnumber-2,2,
98-int,98,int,int-no,no,
98-origin,98,origin,origin-yo,YO,
98-comp,98,comp,comp-na,NA,
98-genre,98,genre,genre-spoken,spoken,
99-rmform,99,rmform,,yus ~ yɔsɪ ~ yi,the int. pron. can be used in comp. clauses
99-ncases,99,ncases,ncases-4,4,
99-nclass,99,nclass,nclass-3,3,
99-nnumber,99,nnumber,nnumber-2,2,
99-int,99,int,int-no,no,
99-origin,99,origin,origin-yo,YO,
99-comp,99,comp,comp-no,no,
99-genre,99,genre,genre-spoken,spoken,
100-rmform,100,rmform,,yo ~ ye ~ yeṃ,"no examples of full clauses, nothing about complementizer"
100-ncases,100,ncases,ncases-4,4,
100-nclass,100,nclass,nclass-3,3,
100-nnumber,100,nnumber,nnumber-2,2,
100-int,100,int,int-no,no,
100-origin,100,origin,origin-yo,YO,
100-comp,100,comp,comp-na,NA,
100-genre,100,genre,genre-written,written,
101-rmform,101,rmform,,jo ~ ji ~ je,comp. is ki
101-ncases,101,ncases,ncases-2,2,
101-nclass,101,nclass,nclass-3,3,
101-nnumber,101,nnumber,nnumber-2,2,
101-int,101,int,int-no,no,
101-origin,101,origin,origin-yo,YO,
101-comp,101,comp,comp-no,no,
101-genre,101,genre,genre-spoken,spoken,
102-rmform,102,rmform,,jo,
102-ncases,102,ncases,ncases-na,NA,
102-nclass,102,nclass,nclass-na,NA,
102-nnumber,102,nnumber,nnumber-na,NA,
102-int,102,int,int-no,no,
102-origin,102,origin,origin-yo,YO,
102-comp,102,comp,comp-no,no,
102-genre,102,genre,genre-spoken,spoken,
103-rmform,103,rmform,,khanco,
103-ncases,103,ncases,ncases-na,NA,
103-nclass,103,nclass,nclass-na,NA,
103-nnumber,103,nnumber,nnumber-na,NA,
103-int,103,int,int-yes,yes,
103-origin,103,origin,origin-kw,KW,
103-comp,103,comp,comp-no,no,
103-genre,103,genre,genre-spoken,spoken,
104-rmform,104,rmform,,hiiat̰ ~ yat̰,
104-ncases,104,ncases,ncases-7,7,
104-nclass,104,nclass,nclass-3,3,
104-nnumber,104,nnumber,nnumber-2,2,
104-int,104,int,int-no,no,
104-origin,104,origin,origin-yo,YO,
104-comp,104,comp,comp-no,no,
104-genre,104,genre,genre-written,written,
105-rmform,105,rmform,,tsə(y),
105-ncases,105,ncases,ncases-0,0,
105-nclass,105,nclass,nclass-0,0,
105-nnumber,105,nnumber,nnumber-0,0,
105-int,105,int,int-related,related,
105-origin,105,origin,origin-na,NA,
105-comp,105,comp,comp-yes,yes,
105-genre,105,genre,genre-spoken,spoken,
106-rmform,106,rmform,,ki,borrowed from Tajik
106-ncases,106,ncases,ncases-0,0,
106-nclass,106,nclass,nclass-0,0,
106-nnumber,106,nnumber,nnumber-0,0,
106-int,106,int,int-related,related,
106-origin,106,origin,origin-l,L,
106-comp,106,comp,comp-yes,yes,
106-genre,106,genre,genre-spoken,spoken,
107-rmform,107,rmform,,kē,
107-ncases,107,ncases,ncases-0,0,
107-nclass,107,nclass,nclass-0,0,
107-nnumber,107,nnumber,nnumber-0,0,
107-int,107,int,int-yes,yes,
107-origin,107,origin,origin-kw,KW,
107-comp,107,comp,comp-no,no,
107-genre,107,genre,genre-written,written,
108-rmform,108,rmform,,ki ~ ci,interrogatives add the question marker a-
108-ncases,108,ncases,ncases-0,0,
108-nclass,108,nclass,nclass-2,2,
108-nnumber,108,nnumber,nnumber-0,0,
108-int,108,int,int-yes,yes,
108-origin,108,origin,origin-kw,KW,
108-comp,108,comp,comp-no,no,
108-genre,108,genre,genre-written,written,
109-rmform,109,rmform,,ke,sort of mirror image of correlatives
109-ncases,109,ncases,ncases-3,3,
109-nclass,109,nclass,nclass-2,2,
109-nnumber,109,nnumber,nnumber-0,0,
109-int,109,int,int-yes,yes,
109-origin,109,origin,origin-kw,KW,
109-comp,109,comp,comp-no,no,
109-genre,109,genre,genre-written,written,
110-rmform,110,rmform,,ču,sort of mirror image of correlatives
110-ncases,110,ncases,ncases-0,0,
110-nclass,110,nclass,nclass-0,0,
110-nnumber,110,nnumber,nnumber-0,0,
110-int,110,int,int-yes,yes,
110-origin,110,origin,origin-kw,KW,
110-comp,110,comp,comp-no,no,
110-genre,110,genre,genre-written,written,
111-rmform,111,rmform,,ku,
111-ncases,111,ncases,ncases-0,0,
111-nclass,111,nclass,nclass-0,0,
111-nnumber,111,nnumber,nnumber-0,0,
111-int,111,int,int-yes,yes,
111-origin,111,origin,origin-kw,KW,
111-comp,111,comp,comp-yes,yes,
111-genre,111,genre,genre-spoken,spoken,
112-rmform,112,rmform,,ki,
112-ncases,112,ncases,ncases-2,2,
112-nclass,112,nclass,nclass-0,0,
112-nnumber,112,nnumber,nnumber-0,0,
112-int,112,int,int-related,related,
112-origin,112,origin,origin-kw,KW,
112-comp,112,comp,comp-yes,yes,
112-genre,112,genre,genre-spoken,spoken,
113-rmform,113,rmform,,ki ~ či,
113-ncases,113,ncases,ncases-2,2,
113-nclass,113,nclass,nclass-2,2,
113-nnumber,113,nnumber,nnumber-0,0,
113-int,113,int,int-yes,yes,
113-origin,113,origin,origin-kw,KW,
113-comp,113,comp,comp-yes,yes,
113-genre,113,genre,genre-spoken,spoken,
114-rmform,114,rmform,,či/cy ~ ka/ci,compl. is only one of several strategies
114-ncases,114,ncases,ncases-8,8,
114-nclass,114,nclass,nclass-2,2,
114-nnumber,114,nnumber,nnumber-2,2,
114-int,114,int,int-yes,yes,
114-origin,114,origin,origin-kw,KW,
114-comp,114,comp,comp-no,no,
114-genre,114,genre,genre-spoken,spoken,
115-rmform,115,rmform,,ki,interrogatives are not the same but clearly related
115-ncases,115,ncases,ncases-0,0,
115-nclass,115,nclass,nclass-0,0,
115-nnumber,115,nnumber,nnumber-0,0,
115-int,115,int,int-relatedmaybe,relatedmaybe,
115-origin,115,origin,origin-kw,KW,
115-comp,115,comp,comp-yes,yes,
115-genre,115,genre,genre-spoken,spoken,
116-rmform,116,rmform,,ki ~ ke,"the human interrog. is identical, so might this be pattern borrowing?"
116-ncases,116,ncases,ncases-0,0,
116-nclass,116,nclass,nclass-0,0,
116-nnumber,116,nnumber,nnumber-0,0,
116-int,116,int,int-yes,yes,
116-origin,116,origin,origin-kw,KW,
116-comp,116,comp,comp-yes,yes,
116-genre,116,genre,genre-spoken,spoken,
117-rmform,117,rmform,,če,
117-ncases,117,ncases,ncases-0,0,
117-nclass,117,nclass,nclass-0,0,
117-nnumber,117,nnumber,nnumber-0,0,
117-int,117,int,int-yes,yes,
117-origin,117,origin,origin-kw,KW,
117-comp,117,comp,comp-yes,yes,
117-genre,117,genre,genre-spoken,spoken,
118-rmform,118,rmform,,čǝ,
118-ncases,118,ncases,ncases-0,0,
118-nclass,118,nclass,nclass-0,0,
118-nnumber,118,nnumber,nnumber-0,0,
118-int,118,int,int-related,related,
118-origin,118,origin,origin-kw,KW,
118-comp,118,comp,comp-yes,yes,
118-genre,118,genre,genre-spoken,spoken,
119-rmform,119,rmform,,kye/i ~ ce/i ~ cu,no information on complementation
119-ncases,119,ncases,ncases-2,2,
119-nclass,119,nclass,nclass-2,2,
119-nnumber,119,nnumber,nnumber-0,0,
119-int,119,int,int-yes,yes,
119-origin,119,origin,origin-kw,KW,
119-comp,119,comp,comp-na,NA,
119-genre,119,genre,genre-written,written,
120-rmform,120,rmform,,haya ~ hayā ~ taya,
120-ncases,120,ncases,ncases-4,4,
120-nclass,120,nclass,nclass-3,3,
120-nnumber,120,nnumber,nnumber-2,2,
120-int,120,int,int-no,no,
120-origin,120,origin,origin-toyo,TO+YO,
120-comp,120,comp,comp-yes,yes,
120-genre,120,genre,genre-written,written,
121-rmform,121,rmform,,kē ~ čē,
121-ncases,121,ncases,ncases-0,0,
121-nclass,121,nclass,nclass-2,2,
121-nnumber,121,nnumber,nnumber-0,0,
121-int,121,int,int-yes,yes,
121-origin,121,origin,origin-kw,KW,
121-comp,121,comp,comp-no,no,
121-genre,121,genre,genre-written,written,
122-rmform,122,rmform,,ke,
122-ncases,122,ncases,ncases-0,0,
122-nclass,122,nclass,nclass-0,0,
122-nnumber,122,nnumber,nnumber-0,0,
122-int,122,int,int-yes,yes,
122-origin,122,origin,origin-kw,KW,
122-comp,122,comp,comp-yes,yes,
122-genre,122,genre,genre-spoken,spoken,
123-rmform,123,rmform,,ki,
123-ncases,123,ncases,ncases-0,0,
123-nclass,123,nclass,nclass-0,0,
123-nnumber,123,nnumber,nnumber-0,0,
123-int,123,int,int-yes,yes,
123-origin,123,origin,origin-kw,KW,
123-comp,123,comp,comp-yes,yes,
123-genre,123,genre,genre-spoken,spoken,
124-rmform,124,rmform,,ke,only the human form overlaps in one variant
124-ncases,124,ncases,ncases-0,0,
124-nclass,124,nclass,nclass-0,0,
124-nnumber,124,nnumber,nnumber-0,0,
124-int,124,int,int-yes,yes,
124-origin,124,origin,origin-kw,KW,
124-comp,124,comp,comp-yes,yes,
124-genre,124,genre,genre-spoken,spoken,
125-rmform,125,rmform,,ho ,
125-ncases,125,ncases,ncases-0,0,
125-nclass,125,nclass,nclass-0,0,
125-nnumber,125,nnumber,nnumber-0,0,
125-int,125,int,int-no,no,
125-origin,125,origin,origin-na,NA,
125-comp,125,comp,comp-yes,yes,
125-genre,125,genre,genre-written,written,
126-rmform,126,rmform,,sta,appears with all postnominal N modifiers
126-ncases,126,ncases,ncases-0,0,
126-nclass,126,nclass,nclass-0,0,
126-nnumber,126,nnumber,nnumber-0,0,
126-int,126,int,int-no,no,
126-origin,126,origin,origin-na,NA,
126-comp,126,comp,comp-no,no,
126-genre,126,genre,genre-both,both,
127-rmform,127,rmform,,poe ~ NA ~ NA,
127-ncases,127,ncases,ncases-5,5,
127-nclass,127,nclass,nclass-3,3,
127-nnumber,127,nnumber,nnumber-2,2,
127-int,127,int,int-related,related,
127-origin,127,origin,origin-kw,KW,
127-comp,127,comp,comp-na,NA,
127-genre,127,genre,genre-written,written,
128-rmform,128,rmform,,pui ~ púd ~ paí,
128-ncases,128,ncases,ncases-5,5,
128-nclass,128,nclass,nclass-3,3,
128-nnumber,128,nnumber,nnumber-2,2,
128-int,128,int,int-related,related,
128-origin,128,origin,origin-kw,KW,
128-comp,128,comp,comp-na,NA,
128-genre,128,genre,genre-written,written,
129-rmform,129,rmform,,quī ~ quae ~ quod,
129-ncases,129,ncases,ncases-5,5,
129-nclass,129,nclass,nclass-3,3,
129-nnumber,129,nnumber,nnumber-2,2,
129-int,129,int,int-related,related,
129-origin,129,origin,origin-kw,KW,
129-comp,129,comp,comp-no,no,
129-genre,129,genre,genre-written,written,
130-rmform,130,rmform,,qui ~ que,
130-ncases,130,ncases,ncases-2,2,
130-nclass,130,nclass,nclass-2,2,
130-nnumber,130,nnumber,nnumber-0,0,
130-int,130,int,int-yes,yes,
130-origin,130,origin,origin-kw,KW,
130-comp,130,comp,comp-yes,yes,
130-genre,130,genre,genre-written,written,
131-rmform,131,rmform,,qui ~ quien ~ que,"no ex. of full clauses, not entirely sure about comp"
131-ncases,131,ncases,ncases-0,0,
131-nclass,131,nclass,nclass-2,2,
131-nnumber,131,nnumber,nnumber-0,0,
131-int,131,int,int-yes,yes,
131-origin,131,origin,origin-kw,KW,
131-comp,131,comp,comp-yes,yes,
131-genre,131,genre,genre-written,written,
132-rmform,132,rmform,,cuyo ~ cuya,
132-ncases,132,ncases,ncases-0,0,
132-nclass,132,nclass,nclass-2,2,
132-nnumber,132,nnumber,nnumber-0,0,
132-int,132,int,int-yes,yes,
132-origin,132,origin,origin-kw,KW,
132-comp,132,comp,comp-yes,yes,
132-genre,132,genre,genre-written,written,
133-rmform,133,rmform,,che,
133-ncases,133,ncases,ncases-2,2,
133-nclass,133,nclass,nclass-0,0,
133-nnumber,133,nnumber,nnumber-0,0,
133-int,133,int,int-yes,yes,
133-origin,133,origin,origin-kw,KW,
133-comp,133,comp,comp-yes,yes,
133-genre,133,genre,genre-spoken,spoken,
134-rmform,134,rmform,,quale,
134-ncases,134,ncases,ncases-0,0,
134-nclass,134,nclass,nclass-0,0,
134-nnumber,134,nnumber,nnumber-2,2,
134-int,134,int,int-yes,yes,
134-origin,134,origin,origin-kw,KW,
134-comp,134,comp,comp-no,no,
134-genre,134,genre,genre-both,both,
135-rmform,135,rmform,,che,
135-ncases,135,ncases,ncases-0,0,
135-nclass,135,nclass,nclass-0,0,
135-nnumber,135,nnumber,nnumber-0,0,
135-int,135,int,int-yes,yes,
135-origin,135,origin,origin-kw,KW,
135-comp,135,comp,comp-yes,yes,
135-genre,135,genre,genre-spoken,spoken,
136-rmform,136,rmform,,qui,
136-ncases,136,ncases,ncases-2,2,
136-nclass,136,nclass,nclass-0,0,
136-nnumber,136,nnumber,nnumber-0,0,
136-int,136,int,int-yes,yes,
136-origin,136,origin,origin-kw,KW,
136-comp,136,comp,comp-yes,yes,
136-genre,136,genre,genre-both,both,
137-rmform,137,rmform,,dont,
137-ncases,137,ncases,ncases-0,0,
137-nclass,137,nclass,nclass-0,0,
137-nnumber,137,nnumber,nnumber-0,0,
137-int,137,int,int-no,no,
137-origin,137,origin,origin-na,NA,
137-comp,137,comp,comp-no,no,
137-genre,137,genre,genre-both,both,
138-rmform,138,rmform,,que,
138-ncases,138,ncases,ncases-0,0,
138-nclass,138,nclass,nclass-0,0,
138-nnumber,138,nnumber,nnumber-0,0,
138-int,138,int,int-yes,yes,
138-origin,138,origin,origin-kw,KW,
138-comp,138,comp,comp-yes,yes,
138-genre,138,genre,genre-spoken,spoken,
139-rmform,139,rmform,,que ~ quien,
139-ncases,139,ncases,ncases-0,0,
139-nclass,139,nclass,nclass-2,2,
139-nnumber,139,nnumber,nnumber-0,0,
139-int,139,int,int-yes,yes,
139-origin,139,origin,origin-kw,KW,
139-comp,139,comp,comp-yes,yes,
139-genre,139,genre,genre-spoken,spoken,
140-rmform,140,rmform,,cuyo ~ cuya,
140-ncases,140,ncases,ncases-0,0,
140-nclass,140,nclass,nclass-2,2,
140-nnumber,140,nnumber,nnumber-2,2,
140-int,140,int,int-related,related,
140-origin,140,origin,origin-kw,KW,
140-comp,140,comp,comp-no,no,
140-genre,140,genre,genre-written,written,
141-rmform,141,rmform,,que ~ quem,
141-ncases,141,ncases,ncases-2,2,
141-nclass,141,nclass,nclass-0,0,
141-nnumber,141,nnumber,nnumber-0,0,
141-int,141,int,int-yes,yes,
141-origin,141,origin,origin-kw,KW,
141-comp,141,comp,comp-yes,yes,
141-genre,141,genre,genre-spoken,spoken,
142-rmform,142,rmform,,cujo ~ cuja,
142-ncases,142,ncases,ncases-0,0,
142-nclass,142,nclass,nclass-2,2,
142-nnumber,142,nnumber,nnumber-2,2,
142-int,142,int,int-related,related,
142-origin,142,origin,origin-kw,KW,
142-comp,142,comp,comp-no,no,
142-genre,142,genre,genre-both,both,
143-rmform,143,rmform,,care,
143-ncases,143,ncases,ncases-2,2,
143-nclass,143,nclass,nclass-2,2,
143-nnumber,143,nnumber,nnumber-2,2,
143-int,143,int,int-yes,yes,
143-origin,143,origin,origin-kw,KW,
143-comp,143,comp,comp-no,no,
143-genre,143,genre,genre-both,both,
144-rmform,144,rmform,,de,
144-ncases,144,ncases,ncases-0,0,
144-nclass,144,nclass,nclass-0,0,
144-nnumber,144,nnumber,nnumber-0,0,
144-int,144,int,int-no,no,
144-origin,144,origin,origin-na,NA,
144-comp,144,comp,comp-no,no,
144-genre,144,genre,genre-spoken,spoken,
145-rmform,145,rmform,,chi,
145-ncases,145,ncases,ncases-0,0,
145-nclass,145,nclass,nclass-0,0,
145-nnumber,145,nnumber,nnumber-0,0,
145-int,145,int,int-yes,yes,
145-origin,145,origin,origin-kw,KW,
145-comp,145,comp,comp-yes,yes,
145-genre,145,genre,genre-spoken,spoken,
146-rmform,146,rmform,,kus=ne,
146-ncases,146,ncases,ncases-3,3,
146-nclass,146,nclass,nclass-0,0,
146-nnumber,146,nnumber,nnumber-2,2,
146-int,146,int,int-yes,yes,
146-origin,146,origin,origin-kwto,KW+TO,
146-comp,146,comp,comp-no,no,
146-genre,146,genre,genre-written,written,
147-rmform,147,rmform,,äntsaṃ,
147-ncases,147,ncases,ncases-3,3,
147-nclass,147,nclass,nclass-3,3,
147-nnumber,147,nnumber,nnumber-2,2,
147-int,147,int,int-yes,yes,
147-origin,147,origin,origin-na,NA,
147-comp,147,comp,comp-no,no,
147-genre,147,genre,genre-written,written,
148-rmform,148,rmform,,kuse,
148-ncases,148,ncases,ncases-3,3,
148-nclass,148,nclass,nclass-0,0,
148-nnumber,148,nnumber,nnumber-0,0,
148-int,148,int,int-yes,yes,
148-origin,148,origin,origin-kwto,KW+TO,
148-comp,148,comp,comp-no,no,
148-genre,148,genre,genre-written,written,
149-rmform,149,rmform,,intsu,
149-ncases,149,ncases,ncases-3,3,
149-nclass,149,nclass,nclass-3,3,
149-nnumber,149,nnumber,nnumber-2,2,
149-int,149,int,int-yes,yes,
149-origin,149,origin,origin-na,NA,
149-comp,149,comp,comp-no,no,
149-genre,149,genre,genre-written,written,
150-rmform,150,rmform,,mäksu,
150-ncases,150,ncases,ncases-3,3,
150-nclass,150,nclass,nclass-3,3,
150-nnumber,150,nnumber,nnumber-2,2,
150-int,150,int,int-yes,yes,
150-origin,150,origin,origin-na,NA,
150-comp,150,comp,comp-no,no,
150-genre,150,genre,genre-written,written,
