ID,Language_ID,Parameter_ID,Value,Code_ID,Comment,Source
gheg1238-ncases-1,gheg1238,ncases,0,ncases-0,,
gheg1238-nclass-1,gheg1238,nclass,0,nclass-0,,
gheg1238-nnumber-1,gheg1238,nnumber,0,nnumber-0,,
gheg1238-int-1,gheg1238,int,relatedmaybe,int-relatedmaybe,,
gheg1238-origin-1,gheg1238,origin,KW or L,origin-kworl,,
gheg1238-comp-1,gheg1238,comp,yes,comp-yes,,
gheg1238-genre-1,gheg1238,genre,spoken,genre-spoken,,
gheg1238-ncases-2,gheg1238,ncases,3,ncases-3,,
gheg1238-nclass-2,gheg1238,nclass,2,nclass-2,,
gheg1238-nnumber-2,gheg1238,nnumber,2,nnumber-2,,
gheg1238-int-2,gheg1238,int,yes,int-yes,,
gheg1238-origin-2,gheg1238,origin,KW,origin-kw,,
gheg1238-comp-2,gheg1238,comp,no,comp-no,,
gheg1238-genre-2,gheg1238,genre,written,genre-written,,
tosk1239-ncases-3,tosk1239,ncases,0,ncases-0,,
tosk1239-nclass-3,tosk1239,nclass,0,nclass-0,,
tosk1239-nnumber-3,tosk1239,nnumber,0,nnumber-0,,
tosk1239-int-3,tosk1239,int,relatedmaybe,int-relatedmaybe,,
tosk1239-origin-3,tosk1239,origin,KW or L,origin-kworl,,
tosk1239-comp-3,tosk1239,comp,yes,comp-yes,,
tosk1239-genre-3,tosk1239,genre,spoken,genre-spoken,,
tosk1239-ncases-4,tosk1239,ncases,3,ncases-3,,
tosk1239-nclass-4,tosk1239,nclass,2,nclass-2,,
tosk1239-nnumber-4,tosk1239,nnumber,2,nnumber-2,,
tosk1239-int-4,tosk1239,int,yes,int-yes,,
tosk1239-origin-4,tosk1239,origin,KW,origin-kw,,
tosk1239-comp-4,tosk1239,comp,no,comp-no,,
tosk1239-genre-4,tosk1239,genre,written,genre-written,,
hitt1242-ncases-5,hitt1242,ncases,5,ncases-5,,
hitt1242-nclass-5,hitt1242,nclass,2,nclass-2,,
hitt1242-nnumber-5,hitt1242,nnumber,2,nnumber-2,,
hitt1242-int-5,hitt1242,int,yes,int-yes,,
hitt1242-origin-5,hitt1242,origin,KW,origin-kw,,
hitt1242-comp-5,hitt1242,comp,yes,comp-yes,,
hitt1242-genre-5,hitt1242,genre,written,genre-written,,
cune1239-ncases-6,cune1239,ncases,4,ncases-4,,
cune1239-nclass-6,cune1239,nclass,2,nclass-2,,
cune1239-nnumber-6,cune1239,nnumber,2,nnumber-2,,
cune1239-int-6,cune1239,int,yes,int-yes,,
cune1239-origin-6,cune1239,origin,KW,origin-kw,,
cune1239-comp-6,cune1239,comp,NA,comp-na,,
cune1239-genre-6,cune1239,genre,written,genre-written,,
hier1240-ncases-7,hier1240,ncases,4,ncases-4,,
hier1240-nclass-7,hier1240,nclass,2,nclass-2,,
hier1240-nnumber-7,hier1240,nnumber,2,nnumber-2,,
hier1240-int-7,hier1240,int,yes,int-yes,,
hier1240-origin-7,hier1240,origin,KW,origin-kw,,
hier1240-comp-7,hier1240,comp,NA,comp-na,,
hier1240-genre-7,hier1240,genre,written,genre-written,,
clas1249-ncases-8,clas1249,ncases,5,ncases-5,,
clas1249-nclass-8,clas1249,nclass,0,nclass-0,,
clas1249-nnumber-8,clas1249,nnumber,2,nnumber-2,,
clas1249-int-8,clas1249,int,yes,int-yes,,
clas1249-origin-8,clas1249,origin,NA,origin-na,,
clas1249-comp-8,clas1249,comp,no,comp-no,,
clas1249-genre-8,clas1249,genre,written,genre-written,,
nucl1235-ncases-9,nucl1235,ncases,5,ncases-5,,
nucl1235-nclass-9,nucl1235,nclass,0,nclass-0,,
nucl1235-nnumber-9,nucl1235,nnumber,2,nnumber-2,,
nucl1235-int-9,nucl1235,int,yes,int-yes,,
nucl1235-origin-9,nucl1235,origin,NA,origin-na,,
nucl1235-comp-9,nucl1235,comp,yes,comp-yes,,
nucl1235-genre-9,nucl1235,genre,both,genre-both,,
nucl1235-ncases-10,nucl1235,ncases,5,ncases-5,,
nucl1235-nclass-10,nucl1235,nclass,0,nclass-0,,
nucl1235-nnumber-10,nucl1235,nnumber,0,nnumber-0,,
nucl1235-int-10,nucl1235,int,yes,int-yes,,
nucl1235-origin-10,nucl1235,origin,NA,origin-na,,
nucl1235-comp-10,nucl1235,comp,yes,comp-yes,,
nucl1235-genre-10,nucl1235,genre,both,genre-both,,
prus1238-ncases-11,prus1238,ncases,4,ncases-4,,
prus1238-nclass-11,prus1238,nclass,3,nclass-3,,
prus1238-nnumber-11,prus1238,nnumber,2,nnumber-2,,
prus1238-int-11,prus1238,int,yes,int-yes,,
prus1238-origin-11,prus1238,origin,KW+YO,origin-kwyo,,
prus1238-comp-11,prus1238,comp,NA,comp-na,,
prus1238-genre-11,prus1238,genre,written,genre-written,,
prus1238-ncases-12,prus1238,ncases,4,ncases-4,,
prus1238-nclass-12,prus1238,nclass,3,nclass-3,,
prus1238-nnumber-12,prus1238,nnumber,2,nnumber-2,,
prus1238-int-12,prus1238,int,yes,int-yes,,
prus1238-origin-12,prus1238,origin,NA,origin-na,,
prus1238-comp-12,prus1238,comp,NA,comp-na,,
prus1238-genre-12,prus1238,genre,written,genre-written,,
oldl1240-ncases-13,oldl1240,ncases,7,ncases-7,,
oldl1240-nclass-13,oldl1240,nclass,0,nclass-0,,
oldl1240-nnumber-13,oldl1240,nnumber,0,nnumber-0,,
oldl1240-int-13,oldl1240,int,yes,int-yes,,
oldl1240-origin-13,oldl1240,origin,KW+YO,origin-kwyo,,
oldl1240-comp-13,oldl1240,comp,no,comp-no,,
oldl1240-genre-13,oldl1240,genre,written,genre-written,,
lith1251-ncases-14,lith1251,ncases,6,ncases-6,,
lith1251-nclass-14,lith1251,nclass,0,nclass-0,,
lith1251-nnumber-14,lith1251,nnumber,0,nnumber-0,,
lith1251-int-14,lith1251,int,yes,int-yes,,
lith1251-origin-14,lith1251,origin,KW+YO,origin-kwyo,,
lith1251-comp-14,lith1251,comp,no,comp-no,,
lith1251-genre-14,lith1251,genre,both,genre-both,,
lith1251-ncases-15,lith1251,ncases,6,ncases-6,,
lith1251-nclass-15,lith1251,nclass,2,nclass-2,,
lith1251-nnumber-15,lith1251,nnumber,2,nnumber-2,,
lith1251-int-15,lith1251,int,yes,int-yes,,
lith1251-origin-15,lith1251,origin,NA,origin-na,,
lith1251-comp-15,lith1251,comp,no,comp-no,,
lith1251-genre-15,lith1251,genre,both,genre-both,,
latv1249-ncases-16,latv1249,ncases,5,ncases-5,,
latv1249-nclass-16,latv1249,nclass,0,nclass-0,,
latv1249-nnumber-16,latv1249,nnumber,0,nnumber-0,,
latv1249-int-16,latv1249,int,yes,int-yes,,
latv1249-origin-16,latv1249,origin,KW+YO,origin-kwyo,,
latv1249-comp-16,latv1249,comp,no,comp-no,,
latv1249-genre-16,latv1249,genre,both,genre-both,,
latv1249-ncases-17,latv1249,ncases,5,ncases-5,,
latv1249-nclass-17,latv1249,nclass,2,nclass-2,,
latv1249-nnumber-17,latv1249,nnumber,2,nnumber-2,,
latv1249-int-17,latv1249,int,yes,int-yes,,
latv1249-origin-17,latv1249,origin,NA,origin-na,,
latv1249-comp-17,latv1249,comp,no,comp-no,,
latv1249-genre-17,latv1249,genre,both,genre-both,,
oldr1238-ncases-18,oldr1238,ncases,6,ncases-6,,
oldr1238-nclass-18,oldr1238,nclass,3,nclass-3,,
oldr1238-nnumber-18,oldr1238,nnumber,3,nnumber-3,,
oldr1238-int-18,oldr1238,int,no,int-no,,
oldr1238-origin-18,oldr1238,origin,YO,origin-yo,,
oldr1238-comp-18,oldr1238,comp,no,comp-no,,
oldr1238-genre-18,oldr1238,genre,written,genre-written,,
russ1263-ncases-19,russ1263,ncases,0,ncases-0,,
russ1263-nclass-19,russ1263,nclass,0,nclass-0,,
russ1263-nnumber-19,russ1263,nnumber,0,nnumber-0,,
russ1263-int-19,russ1263,int,yes,int-yes,,
russ1263-origin-19,russ1263,origin,KW,origin-kw,,
russ1263-comp-19,russ1263,comp,yes,comp-yes,,
russ1263-genre-19,russ1263,genre,spoken,genre-spoken,,
russ1263-ncases-20,russ1263,ncases,5,ncases-5,,
russ1263-nclass-20,russ1263,nclass,3,nclass-3,,
russ1263-nnumber-20,russ1263,nnumber,2,nnumber-2,,
russ1263-int-20,russ1263,int,yes,int-yes,,
russ1263-origin-20,russ1263,origin,KW,origin-kw,,
russ1263-comp-20,russ1263,comp,no,comp-no,,
russ1263-genre-20,russ1263,genre,both,genre-both,,
chur1257-ncases-21,chur1257,ncases,6,ncases-6,,
chur1257-nclass-21,chur1257,nclass,3,nclass-3,,
chur1257-nnumber-21,chur1257,nnumber,3,nnumber-3,,
chur1257-int-21,chur1257,int,no,int-no,,
chur1257-origin-21,chur1257,origin,YO,origin-yo,,
chur1257-comp-21,chur1257,comp,no,comp-no,,
chur1257-genre-21,chur1257,genre,written,genre-written,,
bulg1262-ncases-22,bulg1262,ncases,0,ncases-0,,
bulg1262-nclass-22,bulg1262,nclass,0,nclass-0,,
bulg1262-nnumber-22,bulg1262,nnumber,0,nnumber-0,,
bulg1262-int-22,bulg1262,int,related,int-related,,
bulg1262-origin-22,bulg1262,origin,KW,origin-kw,,
bulg1262-comp-22,bulg1262,comp,yes,comp-yes,,
bulg1262-genre-22,bulg1262,genre,spoken,genre-spoken,,
bulg1262-ncases-23,bulg1262,ncases,3,ncases-3,,
bulg1262-nclass-23,bulg1262,nclass,3,nclass-3,,
bulg1262-nnumber-23,bulg1262,nnumber,2,nnumber-2,,
bulg1262-int-23,bulg1262,int,related,int-related,,
bulg1262-origin-23,bulg1262,origin,KW,origin-kw,,
bulg1262-comp-23,bulg1262,comp,no,comp-no,,
bulg1262-genre-23,bulg1262,genre,both,genre-both,,
sout1528-ncases-24,sout1528,ncases,4,ncases-4,,
sout1528-nclass-24,sout1528,nclass,3,nclass-3,,
sout1528-nnumber-24,sout1528,nnumber,2,nnumber-2,,
sout1528-int-24,sout1528,int,yes,int-yes,,
sout1528-origin-24,sout1528,origin,KW,origin-kw,,
sout1528-comp-24,sout1528,comp,no,comp-no,,
sout1528-genre-24,sout1528,genre,spoken,genre-spoken,,
sout1528-ncases-25,sout1528,ncases,0,ncases-0,,
sout1528-nclass-25,sout1528,nclass,0,nclass-0,,
sout1528-nnumber-25,sout1528,nnumber,0,nnumber-0,,
sout1528-int-25,sout1528,int,yes,int-yes,,
sout1528-origin-25,sout1528,origin,KW,origin-kw,,
sout1528-comp-25,sout1528,comp,yes,comp-yes,,
sout1528-genre-25,sout1528,genre,spoken,genre-spoken,,
slov1268-ncases-26,slov1268,ncases,0,ncases-0,,
slov1268-nclass-26,slov1268,nclass,0,nclass-0,,
slov1268-nnumber-26,slov1268,nnumber,0,nnumber-0,,
slov1268-int-26,slov1268,int,no,int-no,,
slov1268-origin-26,slov1268,origin,NA,origin-na,,
slov1268-comp-26,slov1268,comp,no,comp-no,,
slov1268-genre-26,slov1268,genre,spoken,genre-spoken,,
slov1268-ncases-27,slov1268,ncases,5,ncases-5,,
slov1268-nclass-27,slov1268,nclass,3,nclass-3,,
slov1268-nnumber-27,slov1268,nnumber,3,nnumber-3,,
slov1268-int-27,slov1268,int,yes,int-yes,,
slov1268-origin-27,slov1268,origin,KW,origin-kw,,
slov1268-comp-27,slov1268,comp,no,comp-no,,
slov1268-genre-27,slov1268,genre,spoken,genre-spoken,,
czec1258-ncases-28,czec1258,ncases,6,ncases-6,,
czec1258-nclass-28,czec1258,nclass,3,nclass-3,,
czec1258-nnumber-28,czec1258,nnumber,2,nnumber-2,,
czec1258-int-28,czec1258,int,yes,int-yes,,
czec1258-origin-28,czec1258,origin,KW,origin-kw,,
czec1258-comp-28,czec1258,comp,no,comp-no,,
czec1258-genre-28,czec1258,genre,both,genre-both,,
czec1258-ncases-29,czec1258,ncases,0,ncases-0,,
czec1258-nclass-29,czec1258,nclass,0,nclass-0,,
czec1258-nnumber-29,czec1258,nnumber,0,nnumber-0,,
czec1258-int-29,czec1258,int,yes,int-yes,,
czec1258-origin-29,czec1258,origin,KW,origin-kw,,
czec1258-comp-29,czec1258,comp,yes,comp-yes,,
czec1258-genre-29,czec1258,genre,spoken,genre-spoken,,
czec1258-ncases-30,czec1258,ncases,6,ncases-6,,
czec1258-nclass-30,czec1258,nclass,3,nclass-3,,
czec1258-nnumber-30,czec1258,nnumber,2,nnumber-2,,
czec1258-int-30,czec1258,int,no,int-no,,
czec1258-origin-30,czec1258,origin,YO,origin-yo,,
czec1258-comp-30,czec1258,comp,no,comp-no,,
czec1258-genre-30,czec1258,genre,written,genre-written,,
poli1260-ncases-31,poli1260,ncases,4,ncases-4,,
poli1260-nclass-31,poli1260,nclass,3,nclass-3,,
poli1260-nnumber-31,poli1260,nnumber,2,nnumber-2,,
poli1260-int-31,poli1260,int,yes,int-yes,,
poli1260-origin-31,poli1260,origin,KW,origin-kw,,
poli1260-comp-31,poli1260,comp,no,comp-no,,
poli1260-genre-31,poli1260,genre,both,genre-both,,
poli1260-ncases-32,poli1260,ncases,4,ncases-4,,
poli1260-nclass-32,poli1260,nclass,3,nclass-3,,
poli1260-nnumber-32,poli1260,nnumber,2,nnumber-2,,
poli1260-int-32,poli1260,int,yes,int-yes,,
poli1260-origin-32,poli1260,origin,NA,origin-na,,
poli1260-comp-32,poli1260,comp,no,comp-no,,
poli1260-genre-32,poli1260,genre,both,genre-both,,
poli1260-ncases-33,poli1260,ncases,0,ncases-0,,
poli1260-nclass-33,poli1260,nclass,0,nclass-0,,
poli1260-nnumber-33,poli1260,nnumber,0,nnumber-0,,
poli1260-int-33,poli1260,int,yes,int-yes,,
poli1260-origin-33,poli1260,origin,KW,origin-kw,,
poli1260-comp-33,poli1260,comp,no,comp-no,,
poli1260-genre-33,poli1260,genre,spoken,genre-spoken,,
uppe1395-ncases-34,uppe1395,ncases,4,ncases-4,,
uppe1395-nclass-34,uppe1395,nclass,2,nclass-2,,
uppe1395-nnumber-34,uppe1395,nnumber,2,nnumber-2,,
uppe1395-int-34,uppe1395,int,yes,int-yes,,
uppe1395-origin-34,uppe1395,origin,KW,origin-kw,,
uppe1395-comp-34,uppe1395,comp,no,comp-no,,
uppe1395-genre-34,uppe1395,genre,both,genre-both,,
uppe1395-ncases-35,uppe1395,ncases,4,ncases-4,,
uppe1395-nclass-35,uppe1395,nclass,3,nclass-3,,
uppe1395-nnumber-35,uppe1395,nnumber,2,nnumber-2,,
uppe1395-int-35,uppe1395,int,yes,int-yes,,
uppe1395-origin-35,uppe1395,origin,KW,origin-kw,,
uppe1395-comp-35,uppe1395,comp,no,comp-no,,
uppe1395-genre-35,uppe1395,genre,both,genre-both,,
tran1282-ncases-36,tran1282,ncases,0,ncases-0,,
tran1282-nclass-36,tran1282,nclass,0,nclass-0,,
tran1282-nnumber-36,tran1282,nnumber,0,nnumber-0,,
tran1282-int-36,tran1282,int,no,int-no,,
tran1282-origin-36,tran1282,origin,YO,origin-yo,,
tran1282-comp-36,tran1282,comp,NA,comp-na,,
tran1282-genre-36,tran1282,genre,written,genre-written,,
wels1247-ncases-37,wels1247,ncases,2,ncases-2,,
wels1247-nclass-37,wels1247,nclass,0,nclass-0,,
wels1247-nnumber-37,wels1247,nnumber,0,nnumber-0,,
wels1247-int-37,wels1247,int,no,int-no,,
wels1247-origin-37,wels1247,origin,NA,origin-na,,
wels1247-comp-37,wels1247,comp,no,comp-no,,
wels1247-genre-37,wels1247,genre,spoken,genre-spoken,,
wels1247-ncases-38,wels1247,ncases,0,ncases-0,,
wels1247-nclass-38,wels1247,nclass,0,nclass-0,,
wels1247-nnumber-38,wels1247,nnumber,0,nnumber-0,,
wels1247-int-38,wels1247,int,yes,int-yes,,
wels1247-origin-38,wels1247,origin,NA,origin-na,,
wels1247-comp-38,wels1247,comp,no,comp-no,,
wels1247-genre-38,wels1247,genre,spoken,genre-spoken,,
oldi1245-ncases-39,oldi1245,ncases,0,ncases-0,,
oldi1245-nclass-39,oldi1245,nclass,0,nclass-0,,
oldi1245-nnumber-39,oldi1245,nnumber,0,nnumber-0,,
oldi1245-int-39,oldi1245,int,no,int-no,,
oldi1245-origin-39,oldi1245,origin,NA,origin-na,,
oldi1245-comp-39,oldi1245,comp,NA,comp-na,,
oldi1245-genre-39,oldi1245,genre,written,genre-written,,
iris1253-ncases-40,iris1253,ncases,0,ncases-0,,
iris1253-nclass-40,iris1253,nclass,0,nclass-0,,
iris1253-nnumber-40,iris1253,nnumber,0,nnumber-0,,
iris1253-int-40,iris1253,int,no,int-no,,
iris1253-origin-40,iris1253,origin,NA,origin-na,,
iris1253-comp-40,iris1253,comp,no,comp-no,,
iris1253-genre-40,iris1253,genre,spoken,genre-spoken,,
goth1244-ncases-41,goth1244,ncases,0,ncases-0,,
goth1244-nclass-41,goth1244,nclass,0,nclass-0,,
goth1244-nnumber-41,goth1244,nnumber,0,nnumber-0,,
goth1244-int-41,goth1244,int,no,int-no,,
goth1244-origin-41,goth1244,origin,NA,origin-na,,
goth1244-comp-41,goth1244,comp,no,comp-no,,
goth1244-genre-41,goth1244,genre,written,genre-written,,
goth1244-ncases-42,goth1244,ncases,0,ncases-0,,
goth1244-nclass-42,goth1244,nclass,0,nclass-0,,
goth1244-nnumber-42,goth1244,nnumber,0,nnumber-0,,
goth1244-int-42,goth1244,int,no,int-no,,
goth1244-origin-42,goth1244,origin,NA,origin-na,,
goth1244-comp-42,goth1244,comp,yes,comp-yes,,
goth1244-genre-42,goth1244,genre,written,genre-written,,
goth1244-ncases-43,goth1244,ncases,4,ncases-4,,
goth1244-nclass-43,goth1244,nclass,3,nclass-3,,
goth1244-nnumber-43,goth1244,nnumber,2,nnumber-2,,
goth1244-int-43,goth1244,int,no,int-no,,
goth1244-origin-43,goth1244,origin,TO,origin-to,,
goth1244-comp-43,goth1244,comp,no,comp-no,,
goth1244-genre-43,goth1244,genre,written,genre-written,,
oldn1244-ncases-44,oldn1244,ncases,0,ncases-0,,
oldn1244-nclass-44,oldn1244,nclass,0,nclass-0,,
oldn1244-nnumber-44,oldn1244,nnumber,0,nnumber-0,,
oldn1244-int-44,oldn1244,int,no,int-no,,
oldn1244-origin-44,oldn1244,origin,ONE,origin-one,,
oldn1244-comp-44,oldn1244,comp,no,comp-no,,
oldn1244-genre-44,oldn1244,genre,written,genre-written,,
swed1254-ncases-45,swed1254,ncases,0,ncases-0,,
swed1254-nclass-45,swed1254,nclass,0,nclass-0,,
swed1254-nnumber-45,swed1254,nnumber,0,nnumber-0,,
swed1254-int-45,swed1254,int,no,int-no,,
swed1254-origin-45,swed1254,origin,ONE,origin-one,,
swed1254-comp-45,swed1254,comp,no,comp-no,,
swed1254-genre-45,swed1254,genre,spoken,genre-spoken,,
swed1254-ncases-46,swed1254,ncases,0,ncases-0,,
swed1254-nclass-46,swed1254,nclass,0,nclass-0,,
swed1254-nnumber-46,swed1254,nnumber,2,nnumber-2,,
swed1254-int-46,swed1254,int,yes,int-yes,,
swed1254-origin-46,swed1254,origin,KW,origin-kw,,
swed1254-comp-46,swed1254,comp,no,comp-no,,
swed1254-genre-46,swed1254,genre,written,genre-written,,
swed1254-ncases-47,swed1254,ncases,0,ncases-0,,
swed1254-nclass-47,swed1254,nclass,0,nclass-0,,
swed1254-nnumber-47,swed1254,nnumber,2,nnumber-2,,
swed1254-int-47,swed1254,int,yes,int-yes,,
swed1254-origin-47,swed1254,origin,KW,origin-kw,,
swed1254-comp-47,swed1254,comp,no,comp-no,,
swed1254-genre-47,swed1254,genre,written,genre-written,,
norw1258-ncases-48,norw1258,ncases,0,ncases-0,,
norw1258-nclass-48,norw1258,nclass,0,nclass-0,,
norw1258-nnumber-48,norw1258,nnumber,0,nnumber-0,,
norw1258-int-48,norw1258,int,no,int-no,,
norw1258-origin-48,norw1258,origin,ONE,origin-one,,
norw1258-comp-48,norw1258,comp,no,comp-no,,
norw1258-genre-48,norw1258,genre,spoken,genre-spoken,,
norw1258-ncases-49,norw1258,ncases,0,ncases-0,,
norw1258-nclass-49,norw1258,nclass,2,nclass-2,,
norw1258-nnumber-49,norw1258,nnumber,0,nnumber-0,,
norw1258-int-49,norw1258,int,yes,int-yes,,
norw1258-origin-49,norw1258,origin,KW,origin-kw,,
norw1258-comp-49,norw1258,comp,no,comp-no,,
norw1258-genre-49,norw1258,genre,written,genre-written,,
afri1274-ncases-50,afri1274,ncases,0,ncases-0,,
afri1274-nclass-50,afri1274,nclass,0,nclass-0,,
afri1274-nnumber-50,afri1274,nnumber,0,nnumber-0,,
afri1274-int-50,afri1274,int,yes,int-yes,,
afri1274-origin-50,afri1274,origin,KW,origin-kw,,
afri1274-comp-50,afri1274,comp,no,comp-no,,
afri1274-genre-50,afri1274,genre,both,genre-both,,
afri1274-ncases-51,afri1274,ncases,0,ncases-0,,
afri1274-nclass-51,afri1274,nclass,0,nclass-0,,
afri1274-nnumber-51,afri1274,nnumber,0,nnumber-0,,
afri1274-int-51,afri1274,int,yes,int-yes,,
afri1274-origin-51,afri1274,origin,KW,origin-kw,,
afri1274-comp-51,afri1274,comp,no,comp-no,,
afri1274-genre-51,afri1274,genre,both,genre-both,,
afri1274-ncases-52,afri1274,ncases,0,ncases-0,,
afri1274-nclass-52,afri1274,nclass,0,nclass-0,,
afri1274-nnumber-52,afri1274,nnumber,0,nnumber-0,,
afri1274-int-52,afri1274,int,yes,int-yes,,
afri1274-origin-52,afri1274,origin,KW,origin-kw,,
afri1274-comp-52,afri1274,comp,no,comp-no,,
afri1274-genre-52,afri1274,genre,written,genre-written,,
dutc1256-ncases-53,dutc1256,ncases,0,ncases-0,,
dutc1256-nclass-53,dutc1256,nclass,2,nclass-2,,
dutc1256-nnumber-53,dutc1256,nnumber,0,nnumber-0,,
dutc1256-int-53,dutc1256,int,no,int-no,,
dutc1256-origin-53,dutc1256,origin,TO,origin-to,,
dutc1256-comp-53,dutc1256,comp,no,comp-no,,
dutc1256-genre-53,dutc1256,genre,spoken,genre-spoken,,
dutc1256-ncases-54,dutc1256,ncases,0,ncases-0,,
dutc1256-nclass-54,dutc1256,nclass,0,nclass-0,,
dutc1256-nnumber-54,dutc1256,nnumber,0,nnumber-0,,
dutc1256-int-54,dutc1256,int,yes,int-yes,,
dutc1256-origin-54,dutc1256,origin,KW,origin-kw,,
dutc1256-comp-54,dutc1256,comp,no,comp-no,,
dutc1256-genre-54,dutc1256,genre,spoken,genre-spoken,,
luxe1241-ncases-55,luxe1241,ncases,0,ncases-0,,
luxe1241-nclass-55,luxe1241,nclass,0,nclass-0,,
luxe1241-nnumber-55,luxe1241,nnumber,0,nnumber-0,,
luxe1241-int-55,luxe1241,int,yes,int-yes,,
luxe1241-origin-55,luxe1241,origin,KW,origin-kw,,
luxe1241-comp-55,luxe1241,comp,no,comp-no,,
luxe1241-genre-55,luxe1241,genre,spoken,genre-spoken,,
luxe1241-ncases-56,luxe1241,ncases,3,ncases-3,,
luxe1241-nclass-56,luxe1241,nclass,3,nclass-3,,
luxe1241-nnumber-56,luxe1241,nnumber,2,nnumber-2,,
luxe1241-int-56,luxe1241,int,no,int-no,,
luxe1241-origin-56,luxe1241,origin,TO,origin-to,,
luxe1241-comp-56,luxe1241,comp,yes,comp-yes,,
luxe1241-genre-56,luxe1241,genre,spoken,genre-spoken,,
stan1295-ncases-57,stan1295,ncases,4,ncases-4,,
stan1295-nclass-57,stan1295,nclass,3,nclass-3,,
stan1295-nnumber-57,stan1295,nnumber,2,nnumber-2,,
stan1295-int-57,stan1295,int,no,int-no,,
stan1295-origin-57,stan1295,origin,TO,origin-to,,
stan1295-comp-57,stan1295,comp,no,comp-no,,
stan1295-genre-57,stan1295,genre,both,genre-both,,
stan1295-ncases-58,stan1295,ncases,0,ncases-0,,
stan1295-nclass-58,stan1295,nclass,0,nclass-0,,
stan1295-nnumber-58,stan1295,nnumber,0,nnumber-0,,
stan1295-int-58,stan1295,int,no,int-no,,
stan1295-origin-58,stan1295,origin,KW,origin-kw,,
stan1295-comp-58,stan1295,comp,no,comp-no,,
stan1295-genre-58,stan1295,genre,both,genre-both,,
oldh1241-ncases-59,oldh1241,ncases,4,ncases-4,,
oldh1241-nclass-59,oldh1241,nclass,3,nclass-3,,
oldh1241-nnumber-59,oldh1241,nnumber,2,nnumber-2,,
oldh1241-int-59,oldh1241,int,no,int-no,,
oldh1241-origin-59,oldh1241,origin,TO,origin-to,,
oldh1241-comp-59,oldh1241,comp,yes,comp-yes,,
oldh1241-genre-59,oldh1241,genre,written,genre-written,,
midd1343-ncases-60,midd1343,ncases,4,ncases-4,,
midd1343-nclass-60,midd1343,nclass,3,nclass-3,,
midd1343-nnumber-60,midd1343,nnumber,2,nnumber-2,,
midd1343-int-60,midd1343,int,no,int-no,,
midd1343-origin-60,midd1343,origin,TO,origin-to,,
midd1343-comp-60,midd1343,comp,yes,comp-yes,,
midd1343-genre-60,midd1343,genre,written,genre-written,,
midd1343-ncases-61,midd1343,ncases,0,ncases-0,,
midd1343-nclass-61,midd1343,nclass,0,nclass-0,,
midd1343-nnumber-61,midd1343,nnumber,0,nnumber-0,,
midd1343-int-61,midd1343,int,no,int-no,,
midd1343-origin-61,midd1343,origin,NA,origin-na,,
midd1343-comp-61,midd1343,comp,no,comp-no,,
midd1343-genre-61,midd1343,genre,written,genre-written,,
midd1343-ncases-62,midd1343,ncases,0,ncases-0,,
midd1343-nclass-62,midd1343,nclass,0,nclass-0,,
midd1343-nnumber-62,midd1343,nnumber,0,nnumber-0,,
midd1343-int-62,midd1343,int,no,int-no,,
midd1343-origin-62,midd1343,origin,NA,origin-na,,
midd1343-comp-62,midd1343,comp,no,comp-no,,
midd1343-genre-62,midd1343,genre,written,genre-written,,
swis1247-ncases-63,swis1247,ncases,0,ncases-0,,
swis1247-nclass-63,swis1247,nclass,0,nclass-0,,
swis1247-nnumber-63,swis1247,nnumber,0,nnumber-0,,
swis1247-int-63,swis1247,int,yes,int-yes,,
swis1247-origin-63,swis1247,origin,KW,origin-kw,,
swis1247-comp-63,swis1247,comp,no,comp-no,,
swis1247-genre-63,swis1247,genre,spoken,genre-spoken,,
west2361-ncases-64,west2361,ncases,0,ncases-0,,
west2361-nclass-64,west2361,nclass,0,nclass-0,,
west2361-nnumber-64,west2361,nnumber,0,nnumber-0,,
west2361-int-64,west2361,int,yes,int-yes,,
west2361-origin-64,west2361,origin,KW,origin-kw,,
west2361-comp-64,west2361,comp,no,comp-no,,
west2361-genre-64,west2361,genre,spoken,genre-spoken,,
west2361-ncases-65,west2361,ncases,3,ncases-3,,
west2361-nclass-65,west2361,nclass,3,nclass-3,,
west2361-nnumber-65,west2361,nnumber,2,nnumber-2,,
west2361-int-65,west2361,int,yes,int-yes,,
west2361-origin-65,west2361,origin,KW,origin-kw,,
west2361-comp-65,west2361,comp,no,comp-no,,
west2361-genre-65,west2361,genre,written,genre-written,,
olds1250-ncases-66,olds1250,ncases,5,ncases-5,,
olds1250-nclass-66,olds1250,nclass,3,nclass-3,,
olds1250-nnumber-66,olds1250,nnumber,2,nnumber-2,,
olds1250-int-66,olds1250,int,no,int-no,,
olds1250-origin-66,olds1250,origin,TO,origin-to,,
olds1250-comp-66,olds1250,comp,yes,comp-yes,,
olds1250-genre-66,olds1250,genre,written,genre-written,,
olde1238-ncases-67,olde1238,ncases,4,ncases-4,,
olde1238-nclass-67,olde1238,nclass,3,nclass-3,,
olde1238-nnumber-67,olde1238,nnumber,2,nnumber-2,,
olde1238-int-67,olde1238,int,no,int-no,,
olde1238-origin-67,olde1238,origin,TO,origin-to,,
olde1238-comp-67,olde1238,comp,no,comp-no,,
olde1238-genre-67,olde1238,genre,written,genre-written,,
olde1238-ncases-68,olde1238,ncases,0,ncases-0,,
olde1238-nclass-68,olde1238,nclass,0,nclass-0,,
olde1238-nnumber-68,olde1238,nnumber,0,nnumber-0,,
olde1238-int-68,olde1238,int,no,int-no,,
olde1238-origin-68,olde1238,origin,TO,origin-to,,
olde1238-comp-68,olde1238,comp,yes,comp-yes,,
olde1238-genre-68,olde1238,genre,written,genre-written,,
midd1317-ncases-69,midd1317,ncases,0,ncases-0,,
midd1317-nclass-69,midd1317,nclass,0,nclass-0,,
midd1317-nnumber-69,midd1317,nnumber,0,nnumber-0,,
midd1317-int-69,midd1317,int,yes,int-yes,,
midd1317-origin-69,midd1317,origin,KW+TO,origin-kwto,,
midd1317-comp-69,midd1317,comp,no,comp-no,,
midd1317-genre-69,midd1317,genre,written,genre-written,,
midd1317-ncases-70,midd1317,ncases,0,ncases-0,,
midd1317-nclass-70,midd1317,nclass,0,nclass-0,,
midd1317-nnumber-70,midd1317,nnumber,0,nnumber-0,,
midd1317-int-70,midd1317,int,no,int-no,,
midd1317-origin-70,midd1317,origin,TO,origin-to,,
midd1317-comp-70,midd1317,comp,yes,comp-yes,,
midd1317-genre-70,midd1317,genre,written,genre-written,,
stan1293-ncases-71,stan1293,ncases,0,ncases-0,,
stan1293-nclass-71,stan1293,nclass,0,nclass-0,,
stan1293-nnumber-71,stan1293,nnumber,0,nnumber-0,,
stan1293-int-71,stan1293,int,no,int-no,,
stan1293-origin-71,stan1293,origin,TO,origin-to,,
stan1293-comp-71,stan1293,comp,yes,comp-yes,,
stan1293-genre-71,stan1293,genre,both,genre-both,,
stan1293-ncases-72,stan1293,ncases,0,ncases-0,,
stan1293-nclass-72,stan1293,nclass,2,nclass-2,,
stan1293-nnumber-72,stan1293,nnumber,0,nnumber-0,,
stan1293-int-72,stan1293,int,yes,int-yes,,
stan1293-origin-72,stan1293,origin,KW,origin-kw,,
stan1293-comp-72,stan1293,comp,no,comp-no,,
stan1293-genre-72,stan1293,genre,both,genre-both,,
oldf1241-ncases-73,oldf1241,ncases,4,ncases-4,,
oldf1241-nclass-73,oldf1241,nclass,3,nclass-3,,
oldf1241-nnumber-73,oldf1241,nnumber,2,nnumber-2,,
oldf1241-int-73,oldf1241,int,no,int-no,,
oldf1241-origin-73,oldf1241,origin,TO,origin-to,,
oldf1241-comp-73,oldf1241,comp,yes,comp-yes,,
oldf1241-genre-73,oldf1241,genre,written,genre-written,,
oldf1241-ncases-74,oldf1241,ncases,0,ncases-0,,
oldf1241-nclass-74,oldf1241,nclass,0,nclass-0,,
oldf1241-nnumber-74,oldf1241,nnumber,0,nnumber-0,,
oldf1241-int-74,oldf1241,int,no,int-no,,
oldf1241-origin-74,oldf1241,origin,TO,origin-to,,
oldf1241-comp-74,oldf1241,comp,yes,comp-yes,,
oldf1241-genre-74,oldf1241,genre,written,genre-written,,
east2288-ncases-75,east2288,ncases,0,ncases-0,,
east2288-nclass-75,east2288,nclass,0,nclass-0,,
east2288-nnumber-75,east2288,nnumber,0,nnumber-0,,
east2288-int-75,east2288,int,no,int-no,,
east2288-origin-75,east2288,origin,TO,origin-to,,
east2288-comp-75,east2288,comp,no,comp-no,,
east2288-genre-75,east2288,genre,spoken,genre-spoken,,
nort2626-ncases-76,nort2626,ncases,0,ncases-0,,
nort2626-nclass-76,nort2626,nclass,0,nclass-0,,
nort2626-nnumber-76,nort2626,nnumber,0,nnumber-0,,
nort2626-int-76,nort2626,int,no,int-no,,
nort2626-origin-76,nort2626,origin,TO,origin-to,,
nort2626-comp-76,nort2626,comp,no,comp-no,,
nort2626-genre-76,nort2626,genre,spoken,genre-spoken,,
nort2626-ncases-77,nort2626,ncases,0,ncases-0,,
nort2626-nclass-77,nort2626,nclass,0,nclass-0,,
nort2626-nnumber-77,nort2626,nnumber,0,nnumber-0,,
nort2626-int-77,nort2626,int,yes,int-yes,,
nort2626-origin-77,nort2626,origin,KW,origin-kw,,
nort2626-comp-77,nort2626,comp,no,comp-no,,
nort2626-genre-77,nort2626,genre,spoken,genre-spoken,,
nort2626-ncases-78,nort2626,ncases,0,ncases-0,,
nort2626-nclass-78,nort2626,nclass,0,nclass-0,,
nort2626-nnumber-78,nort2626,nnumber,0,nnumber-0,,
nort2626-int-78,nort2626,int,yes,int-yes,,
nort2626-origin-78,nort2626,origin,KW,origin-kw,,
nort2626-comp-78,nort2626,comp,no,comp-no,,
nort2626-genre-78,nort2626,genre,spoken,genre-spoken,,
nort2626-ncases-79,nort2626,ncases,0,ncases-0,,
nort2626-nclass-79,nort2626,nclass,0,nclass-0,,
nort2626-nnumber-79,nort2626,nnumber,0,nnumber-0,,
nort2626-int-79,nort2626,int,no,int-no,,
nort2626-origin-79,nort2626,origin,NA,origin-na,,
nort2626-comp-79,nort2626,comp,no,comp-no,,
nort2626-genre-79,nort2626,genre,spoken,genre-spoken,,
anci1242-ncases-80,anci1242,ncases,4,ncases-4,,
anci1242-nclass-80,anci1242,nclass,3,nclass-3,,
anci1242-nnumber-80,anci1242,nnumber,2,nnumber-2,,
anci1242-int-80,anci1242,int,no,int-no,,
anci1242-origin-80,anci1242,origin,TO,origin-to,,
anci1242-comp-80,anci1242,comp,no,comp-no,,
anci1242-genre-80,anci1242,genre,written,genre-written,,
mode1248-ncases-84,mode1248,ncases,0,ncases-0,,
mode1248-nclass-84,mode1248,nclass,0,nclass-0,,
mode1248-nnumber-84,mode1248,nnumber,0,nnumber-0,,
mode1248-int-84,mode1248,int,yes,int-yes,,
mode1248-origin-84,mode1248,origin,KW,origin-kw,,
mode1248-comp-84,mode1248,comp,yes,comp-yes,,
mode1248-genre-84,mode1248,genre,both,genre-both,,
mode1248-ncases-85,mode1248,ncases,3,ncases-3,,
mode1248-nclass-85,mode1248,nclass,3,nclass-3,,
mode1248-nnumber-85,mode1248,nnumber,2,nnumber-2,,
mode1248-int-85,mode1248,int,related,int-related,,
mode1248-origin-85,mode1248,origin,TO+KW,origin-tokw,,
mode1248-comp-85,mode1248,comp,yes,comp-yes,,
mode1248-genre-85,mode1248,genre,written,genre-written,,
sans1269-ncases-86,sans1269,ncases,7,ncases-7,,
sans1269-nclass-86,sans1269,nclass,3,nclass-3,,
sans1269-nnumber-86,sans1269,nnumber,3,nnumber-3,,
sans1269-int-86,sans1269,int,no,int-no,,
sans1269-origin-86,sans1269,origin,YO,origin-yo,,
sans1269-comp-86,sans1269,comp,no,comp-no,,
sans1269-genre-86,sans1269,genre,written,genre-written,,
pali1273-ncases-87,pali1273,ncases,6,ncases-6,,
pali1273-nclass-87,pali1273,nclass,3,nclass-3,,
pali1273-nnumber-87,pali1273,nnumber,2,nnumber-2,,
pali1273-int-87,pali1273,int,no,int-no,,
pali1273-origin-87,pali1273,origin,YO,origin-yo,,
pali1273-comp-87,pali1273,comp,NA,comp-na,,
pali1273-genre-87,pali1273,genre,written,genre-written,,
mait1250-ncases-88,mait1250,ncases,5,ncases-5,,
mait1250-nclass-88,mait1250,nclass,3,nclass-3,,
mait1250-nnumber-88,mait1250,nnumber,2,nnumber-2,,
mait1250-int-88,mait1250,int,no,int-no,,
mait1250-origin-88,mait1250,origin,YO,origin-yo,,
mait1250-comp-88,mait1250,comp,yes,comp-yes,,
mait1250-genre-88,mait1250,genre,spoken,genre-spoken,,
doma1258-ncases-89,doma1258,ncases,0,ncases-0,,
doma1258-nclass-89,doma1258,nclass,0,nclass-0,,
doma1258-nnumber-89,doma1258,nnumber,0,nnumber-0,,
doma1258-int-89,doma1258,int,no,int-no,,
doma1258-origin-89,doma1258,origin,L,origin-l,,
doma1258-comp-89,doma1258,comp,no,comp-no,,
doma1258-genre-89,doma1258,genre,spoken,genre-spoken,,
hind1269-ncases-90,hind1269,ncases,3,ncases-3,,
hind1269-nclass-90,hind1269,nclass,0,nclass-0,,
hind1269-nnumber-90,hind1269,nnumber,2,nnumber-2,,
hind1269-int-90,hind1269,int,no,int-no,,
hind1269-origin-90,hind1269,origin,YO,origin-yo,,
hind1269-comp-90,hind1269,comp,no,comp-no,,
hind1269-genre-90,hind1269,genre,spoken,genre-spoken,,
vlax1238-ncases-91,vlax1238,ncases,0,ncases-0,,
vlax1238-nclass-91,vlax1238,nclass,0,nclass-0,,
vlax1238-nnumber-91,vlax1238,nnumber,0,nnumber-0,,
vlax1238-int-91,vlax1238,int,yes,int-yes,,
vlax1238-origin-91,vlax1238,origin,KW,origin-kw,,
vlax1238-comp-91,vlax1238,comp,yes,comp-yes,,
vlax1238-genre-91,vlax1238,genre,spoken,genre-spoken,,
midd1350-ncases-92,midd1350,ncases,7,ncases-7,,
midd1350-nclass-92,midd1350,nclass,2,nclass-2,,
midd1350-nnumber-92,midd1350,nnumber,2,nnumber-2,,
midd1350-int-92,midd1350,int,no,int-no,,
midd1350-origin-92,midd1350,origin,YO,origin-yo,,
midd1350-comp-92,midd1350,comp,NA,comp-na,,
midd1350-genre-92,midd1350,genre,written,genre-written,,
sinh1246-ncases-93,sinh1246,ncases,0,ncases-0,,
sinh1246-nclass-93,sinh1246,nclass,0,nclass-0,,
sinh1246-nnumber-93,sinh1246,nnumber,0,nnumber-0,,
sinh1246-int-93,sinh1246,int,no,int-no,,
sinh1246-origin-93,sinh1246,origin,NA,origin-na,,
sinh1246-comp-93,sinh1246,comp,yes,comp-yes,,
sinh1246-genre-93,sinh1246,genre,spoken,genre-spoken,,
beng1280-ncases-94,beng1280,ncases,3,ncases-3,,
beng1280-nclass-94,beng1280,nclass,2,nclass-2,,
beng1280-nnumber-94,beng1280,nnumber,2,nnumber-2,,
beng1280-int-94,beng1280,int,no,int-no,,
beng1280-origin-94,beng1280,origin,YO,origin-yo,,
beng1280-comp-94,beng1280,comp,yes,comp-yes,,
beng1280-genre-94,beng1280,genre,spoken,genre-spoken,,
oriy1255-ncases-95,oriy1255,ncases,5,ncases-5,,
oriy1255-nclass-95,oriy1255,nclass,2,nclass-2,,
oriy1255-nnumber-95,oriy1255,nnumber,2,nnumber-2,,
oriy1255-int-95,oriy1255,int,no,int-no,,
oriy1255-origin-95,oriy1255,origin,YO,origin-yo,,
oriy1255-comp-95,oriy1255,comp,yes,comp-yes,,
oriy1255-genre-95,oriy1255,genre,spoken,genre-spoken,,
nepa1254-ncases-96,nepa1254,ncases,2,ncases-2,,
nepa1254-nclass-96,nepa1254,nclass,2,nclass-2,,
nepa1254-nnumber-96,nepa1254,nnumber,2,nnumber-2,,
nepa1254-int-96,nepa1254,int,no,int-no,,
nepa1254-origin-96,nepa1254,origin,YO,origin-yo,,
nepa1254-comp-96,nepa1254,comp,NA,comp-na,,
nepa1254-genre-96,nepa1254,genre,written,genre-written,,
dame1241-ncases-97,dame1241,ncases,0,ncases-0,,
dame1241-nclass-97,dame1241,nclass,0,nclass-0,,
dame1241-nnumber-97,dame1241,nnumber,0,nnumber-0,,
dame1241-int-97,dame1241,int,yes,int-yes,,
dame1241-origin-97,dame1241,origin,KW,origin-kw,,
dame1241-comp-97,dame1241,comp,no,comp-no,,
dame1241-genre-97,dame1241,genre,spoken,genre-spoken,,
sind1272-ncases-98,sind1272,ncases,2,ncases-2,,
sind1272-nclass-98,sind1272,nclass,2,nclass-2,,
sind1272-nnumber-98,sind1272,nnumber,2,nnumber-2,,
sind1272-int-98,sind1272,int,no,int-no,,
sind1272-origin-98,sind1272,origin,YO,origin-yo,,
sind1272-comp-98,sind1272,comp,NA,comp-na,,
sind1272-genre-98,sind1272,genre,spoken,genre-spoken,,
kash1277-ncases-99,kash1277,ncases,4,ncases-4,,
kash1277-nclass-99,kash1277,nclass,3,nclass-3,,
kash1277-nnumber-99,kash1277,nnumber,2,nnumber-2,,
kash1277-int-99,kash1277,int,no,int-no,,
kash1277-origin-99,kash1277,origin,YO,origin-yo,,
kash1277-comp-99,kash1277,comp,no,comp-no,,
kash1277-genre-99,kash1277,genre,spoken,genre-spoken,,
oldm1244-ncases-100,oldm1244,ncases,4,ncases-4,,
oldm1244-nclass-100,oldm1244,nclass,3,nclass-3,,
oldm1244-nnumber-100,oldm1244,nnumber,2,nnumber-2,,
oldm1244-int-100,oldm1244,int,no,int-no,,
oldm1244-origin-100,oldm1244,origin,YO,origin-yo,,
oldm1244-comp-100,oldm1244,comp,NA,comp-na,,
oldm1244-genre-100,oldm1244,genre,written,genre-written,,
mara1378-ncases-101,mara1378,ncases,2,ncases-2,,
mara1378-nclass-101,mara1378,nclass,3,nclass-3,,
mara1378-nnumber-101,mara1378,nnumber,2,nnumber-2,,
mara1378-int-101,mara1378,int,no,int-no,,
mara1378-origin-101,mara1378,origin,YO,origin-yo,,
mara1378-comp-101,mara1378,comp,no,comp-no,,
mara1378-genre-101,mara1378,genre,spoken,genre-spoken,,
goan1235-ncases-102,goan1235,ncases,NA,ncases-na,,
goan1235-nclass-102,goan1235,nclass,NA,nclass-na,,
goan1235-nnumber-102,goan1235,nnumber,NA,nnumber-na,,
goan1235-int-102,goan1235,int,no,int-no,,
goan1235-origin-102,goan1235,origin,YO,origin-yo,,
goan1235-comp-102,goan1235,comp,no,comp-no,,
goan1235-genre-102,goan1235,genre,spoken,genre-spoken,,
goan1235-ncases-103,goan1235,ncases,NA,ncases-na,,
goan1235-nclass-103,goan1235,nclass,NA,nclass-na,,
goan1235-nnumber-103,goan1235,nnumber,NA,nnumber-na,,
goan1235-int-103,goan1235,int,yes,int-yes,,
goan1235-origin-103,goan1235,origin,KW,origin-kw,,
goan1235-comp-103,goan1235,comp,no,comp-no,,
goan1235-genre-103,goan1235,genre,spoken,genre-spoken,,
aves1237-ncases-104,aves1237,ncases,7,ncases-7,,
aves1237-nclass-104,aves1237,nclass,3,nclass-3,,
aves1237-nnumber-104,aves1237,nnumber,2,nnumber-2,,
aves1237-int-104,aves1237,int,no,int-no,,
aves1237-origin-104,aves1237,origin,YO,origin-yo,,
aves1237-comp-104,aves1237,comp,no,comp-no,,
aves1237-genre-104,aves1237,genre,written,genre-written,,
wakh1245-ncases-105,wakh1245,ncases,0,ncases-0,,
wakh1245-nclass-105,wakh1245,nclass,0,nclass-0,,
wakh1245-nnumber-105,wakh1245,nnumber,0,nnumber-0,,
wakh1245-int-105,wakh1245,int,related,int-related,,
wakh1245-origin-105,wakh1245,origin,NA,origin-na,,
wakh1245-comp-105,wakh1245,comp,yes,comp-yes,,
wakh1245-genre-105,wakh1245,genre,spoken,genre-spoken,,
wakh1245-ncases-106,wakh1245,ncases,0,ncases-0,,
wakh1245-nclass-106,wakh1245,nclass,0,nclass-0,,
wakh1245-nnumber-106,wakh1245,nnumber,0,nnumber-0,,
wakh1245-int-106,wakh1245,int,related,int-related,,
wakh1245-origin-106,wakh1245,origin,L,origin-l,,
wakh1245-comp-106,wakh1245,comp,yes,comp-yes,,
wakh1245-genre-106,wakh1245,genre,spoken,genre-spoken,,
part1239-ncases-107,part1239,ncases,0,ncases-0,,
part1239-nclass-107,part1239,nclass,0,nclass-0,,
part1239-nnumber-107,part1239,nnumber,0,nnumber-0,,
part1239-int-107,part1239,int,yes,int-yes,,
part1239-origin-107,part1239,origin,KW,origin-kw,,
part1239-comp-107,part1239,comp,no,comp-no,,
part1239-genre-107,part1239,genre,written,genre-written,,
khwa1238-ncases-108,khwa1238,ncases,0,ncases-0,,
khwa1238-nclass-108,khwa1238,nclass,2,nclass-2,,
khwa1238-nnumber-108,khwa1238,nnumber,0,nnumber-0,,
khwa1238-int-108,khwa1238,int,yes,int-yes,,
khwa1238-origin-108,khwa1238,origin,KW,origin-kw,,
khwa1238-comp-108,khwa1238,comp,no,comp-no,,
khwa1238-genre-108,khwa1238,genre,written,genre-written,,
sogd1245-ncases-109,sogd1245,ncases,3,ncases-3,,
sogd1245-nclass-109,sogd1245,nclass,2,nclass-2,,
sogd1245-nnumber-109,sogd1245,nnumber,0,nnumber-0,,
sogd1245-int-109,sogd1245,int,yes,int-yes,,
sogd1245-origin-109,sogd1245,origin,KW,origin-kw,,
sogd1245-comp-109,sogd1245,comp,no,comp-no,,
sogd1245-genre-109,sogd1245,genre,written,genre-written,,
sogd1245-ncases-110,sogd1245,ncases,0,ncases-0,,
sogd1245-nclass-110,sogd1245,nclass,0,nclass-0,,
sogd1245-nnumber-110,sogd1245,nnumber,0,nnumber-0,,
sogd1245-int-110,sogd1245,int,yes,int-yes,,
sogd1245-origin-110,sogd1245,origin,KW,origin-kw,,
sogd1245-comp-110,sogd1245,comp,no,comp-no,,
sogd1245-genre-110,sogd1245,genre,written,genre-written,,
nort2641-ncases-111,nort2641,ncases,0,ncases-0,,
nort2641-nclass-111,nort2641,nclass,0,nclass-0,,
nort2641-nnumber-111,nort2641,nnumber,0,nnumber-0,,
nort2641-int-111,nort2641,int,yes,int-yes,,
nort2641-origin-111,nort2641,origin,KW,origin-kw,,
nort2641-comp-111,nort2641,comp,yes,comp-yes,,
nort2641-genre-111,nort2641,genre,spoken,genre-spoken,,
diml1238-ncases-112,diml1238,ncases,2,ncases-2,,
diml1238-nclass-112,diml1238,nclass,0,nclass-0,,
diml1238-nnumber-112,diml1238,nnumber,0,nnumber-0,,
diml1238-int-112,diml1238,int,related,int-related,,
diml1238-origin-112,diml1238,origin,KW,origin-kw,,
diml1238-comp-112,diml1238,comp,yes,comp-yes,,
diml1238-genre-112,diml1238,genre,spoken,genre-spoken,,
gila1241-ncases-113,gila1241,ncases,2,ncases-2,,
gila1241-nclass-113,gila1241,nclass,2,nclass-2,,
gila1241-nnumber-113,gila1241,nnumber,0,nnumber-0,,
gila1241-int-113,gila1241,int,yes,int-yes,,
gila1241-origin-113,gila1241,origin,KW,origin-kw,,
gila1241-comp-113,gila1241,comp,yes,comp-yes,,
gila1241-genre-113,gila1241,genre,spoken,genre-spoken,,
osse1243-ncases-114,osse1243,ncases,8,ncases-8,,
osse1243-nclass-114,osse1243,nclass,2,nclass-2,,
osse1243-nnumber-114,osse1243,nnumber,2,nnumber-2,,
osse1243-int-114,osse1243,int,yes,int-yes,,
osse1243-origin-114,osse1243,origin,KW,origin-kw,,
osse1243-comp-114,osse1243,comp,no,comp-no,,
osse1243-genre-114,osse1243,genre,spoken,genre-spoken,,
balo1260-ncases-115,balo1260,ncases,0,ncases-0,,
balo1260-nclass-115,balo1260,nclass,0,nclass-0,,
balo1260-nnumber-115,balo1260,nnumber,0,nnumber-0,,
balo1260-int-115,balo1260,int,relatedmaybe,int-relatedmaybe,,
balo1260-origin-115,balo1260,origin,KW,origin-kw,,
balo1260-comp-115,balo1260,comp,yes,comp-yes,,
balo1260-genre-115,balo1260,genre,spoken,genre-spoken,,
taly1247-ncases-116,taly1247,ncases,0,ncases-0,,
taly1247-nclass-116,taly1247,nclass,0,nclass-0,,
taly1247-nnumber-116,taly1247,nnumber,0,nnumber-0,,
taly1247-int-116,taly1247,int,yes,int-yes,,
taly1247-origin-116,taly1247,origin,KW,origin-kw,,
taly1247-comp-116,taly1247,comp,yes,comp-yes,,
taly1247-genre-116,taly1247,genre,spoken,genre-spoken,,
para1299-ncases-117,para1299,ncases,0,ncases-0,,
para1299-nclass-117,para1299,nclass,0,nclass-0,,
para1299-nnumber-117,para1299,nnumber,0,nnumber-0,,
para1299-int-117,para1299,int,yes,int-yes,,
para1299-origin-117,para1299,origin,KW,origin-kw,,
para1299-comp-117,para1299,comp,yes,comp-yes,,
para1299-genre-117,para1299,genre,spoken,genre-spoken,,
nucl1276-ncases-118,nucl1276,ncases,0,ncases-0,,
nucl1276-nclass-118,nucl1276,nclass,0,nclass-0,,
nucl1276-nnumber-118,nucl1276,nnumber,0,nnumber-0,,
nucl1276-int-118,nucl1276,int,related,int-related,,
nucl1276-origin-118,nucl1276,origin,KW,origin-kw,,
nucl1276-comp-118,nucl1276,comp,yes,comp-yes,,
nucl1276-genre-118,nucl1276,genre,spoken,genre-spoken,,
khot1251-ncases-119,khot1251,ncases,2,ncases-2,,
khot1251-nclass-119,khot1251,nclass,2,nclass-2,,
khot1251-nnumber-119,khot1251,nnumber,0,nnumber-0,,
khot1251-int-119,khot1251,int,yes,int-yes,,
khot1251-origin-119,khot1251,origin,KW,origin-kw,,
khot1251-comp-119,khot1251,comp,NA,comp-na,,
khot1251-genre-119,khot1251,genre,written,genre-written,,
oldp1254-ncases-120,oldp1254,ncases,4,ncases-4,,
oldp1254-nclass-120,oldp1254,nclass,3,nclass-3,,
oldp1254-nnumber-120,oldp1254,nnumber,2,nnumber-2,,
oldp1254-int-120,oldp1254,int,no,int-no,,
oldp1254-origin-120,oldp1254,origin,TO+YO,origin-toyo,,
oldp1254-comp-120,oldp1254,comp,yes,comp-yes,,
oldp1254-genre-120,oldp1254,genre,written,genre-written,,
pahl1241-ncases-121,pahl1241,ncases,0,ncases-0,,
pahl1241-nclass-121,pahl1241,nclass,2,nclass-2,,
pahl1241-nnumber-121,pahl1241,nnumber,0,nnumber-0,,
pahl1241-int-121,pahl1241,int,yes,int-yes,,
pahl1241-origin-121,pahl1241,origin,KW,origin-kw,,
pahl1241-comp-121,pahl1241,comp,no,comp-no,,
pahl1241-genre-121,pahl1241,genre,written,genre-written,,
west2369-ncases-122,west2369,ncases,0,ncases-0,,
west2369-nclass-122,west2369,nclass,0,nclass-0,,
west2369-nnumber-122,west2369,nnumber,0,nnumber-0,,
west2369-int-122,west2369,int,yes,int-yes,,
west2369-origin-122,west2369,origin,KW,origin-kw,,
west2369-comp-122,west2369,comp,yes,comp-yes,,
west2369-genre-122,west2369,genre,spoken,genre-spoken,,
taji1245-ncases-123,taji1245,ncases,0,ncases-0,,
taji1245-nclass-123,taji1245,nclass,0,nclass-0,,
taji1245-nnumber-123,taji1245,nnumber,0,nnumber-0,,
taji1245-int-123,taji1245,int,yes,int-yes,,
taji1245-origin-123,taji1245,origin,KW,origin-kw,,
taji1245-comp-123,taji1245,comp,yes,comp-yes,,
taji1245-genre-123,taji1245,genre,spoken,genre-spoken,,
sout2645-ncases-124,sout2645,ncases,0,ncases-0,,
sout2645-nclass-124,sout2645,nclass,0,nclass-0,,
sout2645-nnumber-124,sout2645,nnumber,0,nnumber-0,,
sout2645-int-124,sout2645,int,yes,int-yes,,
sout2645-origin-124,sout2645,origin,KW,origin-kw,,
sout2645-comp-124,sout2645,comp,yes,comp-yes,,
sout2645-genre-124,sout2645,genre,spoken,genre-spoken,,
jude1256-ncases-125,jude1256,ncases,0,ncases-0,,
jude1256-nclass-125,jude1256,nclass,0,nclass-0,,
jude1256-nnumber-125,jude1256,nnumber,0,nnumber-0,,
jude1256-int-125,jude1256,int,no,int-no,,
jude1256-origin-125,jude1256,origin,NA,origin-na,,
jude1256-comp-125,jude1256,comp,yes,comp-yes,,
jude1256-genre-125,jude1256,genre,written,genre-written,,
waig1243-ncases-126,waig1243,ncases,0,ncases-0,,
waig1243-nclass-126,waig1243,nclass,0,nclass-0,,
waig1243-nnumber-126,waig1243,nnumber,0,nnumber-0,,
waig1243-int-126,waig1243,int,no,int-no,,
waig1243-origin-126,waig1243,origin,NA,origin-na,,
waig1243-comp-126,waig1243,comp,no,comp-no,,
waig1243-genre-126,waig1243,genre,both,genre-both,,
umbr1253-ncases-127,umbr1253,ncases,5,ncases-5,,
umbr1253-nclass-127,umbr1253,nclass,3,nclass-3,,
umbr1253-nnumber-127,umbr1253,nnumber,2,nnumber-2,,
umbr1253-int-127,umbr1253,int,related,int-related,,
umbr1253-origin-127,umbr1253,origin,KW,origin-kw,,
umbr1253-comp-127,umbr1253,comp,NA,comp-na,,
umbr1253-genre-127,umbr1253,genre,written,genre-written,,
osca1245-ncases-128,osca1245,ncases,5,ncases-5,,
osca1245-nclass-128,osca1245,nclass,3,nclass-3,,
osca1245-nnumber-128,osca1245,nnumber,2,nnumber-2,,
osca1245-int-128,osca1245,int,related,int-related,,
osca1245-origin-128,osca1245,origin,KW,origin-kw,,
osca1245-comp-128,osca1245,comp,NA,comp-na,,
osca1245-genre-128,osca1245,genre,written,genre-written,,
lati1261-ncases-129,lati1261,ncases,5,ncases-5,,
lati1261-nclass-129,lati1261,nclass,3,nclass-3,,
lati1261-nnumber-129,lati1261,nnumber,2,nnumber-2,,
lati1261-int-129,lati1261,int,related,int-related,,
lati1261-origin-129,lati1261,origin,KW,origin-kw,,
lati1261-comp-129,lati1261,comp,no,comp-no,,
lati1261-genre-129,lati1261,genre,written,genre-written,,
oldp1253-ncases-130,oldp1253,ncases,2,ncases-2,,
oldp1253-nclass-130,oldp1253,nclass,2,nclass-2,,
oldp1253-nnumber-130,oldp1253,nnumber,0,nnumber-0,,
oldp1253-int-130,oldp1253,int,yes,int-yes,,
oldp1253-origin-130,oldp1253,origin,KW,origin-kw,,
oldp1253-comp-130,oldp1253,comp,yes,comp-yes,,
oldp1253-genre-130,oldp1253,genre,written,genre-written,,
olds1249-ncases-131,olds1249,ncases,0,ncases-0,,
olds1249-nclass-131,olds1249,nclass,2,nclass-2,,
olds1249-nnumber-131,olds1249,nnumber,0,nnumber-0,,
olds1249-int-131,olds1249,int,yes,int-yes,,
olds1249-origin-131,olds1249,origin,KW,origin-kw,,
olds1249-comp-131,olds1249,comp,yes,comp-yes,,
olds1249-genre-131,olds1249,genre,written,genre-written,,
olds1249-ncases-132,olds1249,ncases,0,ncases-0,,
olds1249-nclass-132,olds1249,nclass,2,nclass-2,,
olds1249-nnumber-132,olds1249,nnumber,0,nnumber-0,,
olds1249-int-132,olds1249,int,yes,int-yes,,
olds1249-origin-132,olds1249,origin,KW,origin-kw,,
olds1249-comp-132,olds1249,comp,yes,comp-yes,,
olds1249-genre-132,olds1249,genre,written,genre-written,,
ital1282-ncases-133,ital1282,ncases,2,ncases-2,,
ital1282-nclass-133,ital1282,nclass,0,nclass-0,,
ital1282-nnumber-133,ital1282,nnumber,0,nnumber-0,,
ital1282-int-133,ital1282,int,yes,int-yes,,
ital1282-origin-133,ital1282,origin,KW,origin-kw,,
ital1282-comp-133,ital1282,comp,yes,comp-yes,,
ital1282-genre-133,ital1282,genre,spoken,genre-spoken,,
ital1282-ncases-134,ital1282,ncases,0,ncases-0,,
ital1282-nclass-134,ital1282,nclass,0,nclass-0,,
ital1282-nnumber-134,ital1282,nnumber,2,nnumber-2,,
ital1282-int-134,ital1282,int,yes,int-yes,,
ital1282-origin-134,ital1282,origin,KW,origin-kw,,
ital1282-comp-134,ital1282,comp,no,comp-no,,
ital1282-genre-134,ital1282,genre,both,genre-both,,
vene1258-ncases-135,vene1258,ncases,0,ncases-0,,
vene1258-nclass-135,vene1258,nclass,0,nclass-0,,
vene1258-nnumber-135,vene1258,nnumber,0,nnumber-0,,
vene1258-int-135,vene1258,int,yes,int-yes,,
vene1258-origin-135,vene1258,origin,KW,origin-kw,,
vene1258-comp-135,vene1258,comp,yes,comp-yes,,
vene1258-genre-135,vene1258,genre,spoken,genre-spoken,,
stan1290-ncases-136,stan1290,ncases,2,ncases-2,,
stan1290-nclass-136,stan1290,nclass,0,nclass-0,,
stan1290-nnumber-136,stan1290,nnumber,0,nnumber-0,,
stan1290-int-136,stan1290,int,yes,int-yes,,
stan1290-origin-136,stan1290,origin,KW,origin-kw,,
stan1290-comp-136,stan1290,comp,yes,comp-yes,,
stan1290-genre-136,stan1290,genre,both,genre-both,,
stan1290-ncases-137,stan1290,ncases,0,ncases-0,,
stan1290-nclass-137,stan1290,nclass,0,nclass-0,,
stan1290-nnumber-137,stan1290,nnumber,0,nnumber-0,,
stan1290-int-137,stan1290,int,no,int-no,,
stan1290-origin-137,stan1290,origin,NA,origin-na,,
stan1290-comp-137,stan1290,comp,no,comp-no,,
stan1290-genre-137,stan1290,genre,both,genre-both,,
occi1249-ncases-138,occi1249,ncases,0,ncases-0,,
occi1249-nclass-138,occi1249,nclass,0,nclass-0,,
occi1249-nnumber-138,occi1249,nnumber,0,nnumber-0,,
occi1249-int-138,occi1249,int,yes,int-yes,,
occi1249-origin-138,occi1249,origin,KW,origin-kw,,
occi1249-comp-138,occi1249,comp,yes,comp-yes,,
occi1249-genre-138,occi1249,genre,spoken,genre-spoken,,
stan1288-ncases-139,stan1288,ncases,0,ncases-0,,
stan1288-nclass-139,stan1288,nclass,2,nclass-2,,
stan1288-nnumber-139,stan1288,nnumber,0,nnumber-0,,
stan1288-int-139,stan1288,int,yes,int-yes,,
stan1288-origin-139,stan1288,origin,KW,origin-kw,,
stan1288-comp-139,stan1288,comp,yes,comp-yes,,
stan1288-genre-139,stan1288,genre,spoken,genre-spoken,,
stan1288-ncases-140,stan1288,ncases,0,ncases-0,,
stan1288-nclass-140,stan1288,nclass,2,nclass-2,,
stan1288-nnumber-140,stan1288,nnumber,2,nnumber-2,,
stan1288-int-140,stan1288,int,related,int-related,,
stan1288-origin-140,stan1288,origin,KW,origin-kw,,
stan1288-comp-140,stan1288,comp,no,comp-no,,
stan1288-genre-140,stan1288,genre,written,genre-written,,
port1283-ncases-141,port1283,ncases,2,ncases-2,,
port1283-nclass-141,port1283,nclass,0,nclass-0,,
port1283-nnumber-141,port1283,nnumber,0,nnumber-0,,
port1283-int-141,port1283,int,yes,int-yes,,
port1283-origin-141,port1283,origin,KW,origin-kw,,
port1283-comp-141,port1283,comp,yes,comp-yes,,
port1283-genre-141,port1283,genre,spoken,genre-spoken,,
port1283-ncases-142,port1283,ncases,0,ncases-0,,
port1283-nclass-142,port1283,nclass,2,nclass-2,,
port1283-nnumber-142,port1283,nnumber,2,nnumber-2,,
port1283-int-142,port1283,int,related,int-related,,
port1283-origin-142,port1283,origin,KW,origin-kw,,
port1283-comp-142,port1283,comp,no,comp-no,,
port1283-genre-142,port1283,genre,both,genre-both,,
roma1327-ncases-143,roma1327,ncases,2,ncases-2,,
roma1327-nclass-143,roma1327,nclass,2,nclass-2,,
roma1327-nnumber-143,roma1327,nnumber,2,nnumber-2,,
roma1327-int-143,roma1327,int,yes,int-yes,,
roma1327-origin-143,roma1327,origin,KW,origin-kw,,
roma1327-comp-143,roma1327,comp,no,comp-no,,
roma1327-genre-143,roma1327,genre,both,genre-both,,
roma1327-ncases-144,roma1327,ncases,0,ncases-0,,
roma1327-nclass-144,roma1327,nclass,0,nclass-0,,
roma1327-nnumber-144,roma1327,nnumber,0,nnumber-0,,
roma1327-int-144,roma1327,int,no,int-no,,
roma1327-origin-144,roma1327,origin,NA,origin-na,,
roma1327-comp-144,roma1327,comp,no,comp-no,,
roma1327-genre-144,roma1327,genre,spoken,genre-spoken,,
camp1261-ncases-145,camp1261,ncases,0,ncases-0,,
camp1261-nclass-145,camp1261,nclass,0,nclass-0,,
camp1261-nnumber-145,camp1261,nnumber,0,nnumber-0,,
camp1261-int-145,camp1261,int,yes,int-yes,,
camp1261-origin-145,camp1261,origin,KW,origin-kw,,
camp1261-comp-145,camp1261,comp,yes,comp-yes,,
camp1261-genre-145,camp1261,genre,spoken,genre-spoken,,
tokh1242-ncases-146,tokh1242,ncases,3,ncases-3,,
tokh1242-nclass-146,tokh1242,nclass,0,nclass-0,,
tokh1242-nnumber-146,tokh1242,nnumber,2,nnumber-2,,
tokh1242-int-146,tokh1242,int,yes,int-yes,,
tokh1242-origin-146,tokh1242,origin,KW+TO,origin-kwto,,
tokh1242-comp-146,tokh1242,comp,no,comp-no,,
tokh1242-genre-146,tokh1242,genre,written,genre-written,,
tokh1242-ncases-147,tokh1242,ncases,3,ncases-3,,
tokh1242-nclass-147,tokh1242,nclass,3,nclass-3,,
tokh1242-nnumber-147,tokh1242,nnumber,2,nnumber-2,,
tokh1242-int-147,tokh1242,int,yes,int-yes,,
tokh1242-origin-147,tokh1242,origin,NA,origin-na,,
tokh1242-comp-147,tokh1242,comp,no,comp-no,,
tokh1242-genre-147,tokh1242,genre,written,genre-written,,
tokh1243-ncases-148,tokh1243,ncases,3,ncases-3,,
tokh1243-nclass-148,tokh1243,nclass,0,nclass-0,,
tokh1243-nnumber-148,tokh1243,nnumber,0,nnumber-0,,
tokh1243-int-148,tokh1243,int,yes,int-yes,,
tokh1243-origin-148,tokh1243,origin,KW+TO,origin-kwto,,
tokh1243-comp-148,tokh1243,comp,no,comp-no,,
tokh1243-genre-148,tokh1243,genre,written,genre-written,,
tokh1243-ncases-149,tokh1243,ncases,3,ncases-3,,
tokh1243-nclass-149,tokh1243,nclass,3,nclass-3,,
tokh1243-nnumber-149,tokh1243,nnumber,2,nnumber-2,,
tokh1243-int-149,tokh1243,int,yes,int-yes,,
tokh1243-origin-149,tokh1243,origin,NA,origin-na,,
tokh1243-comp-149,tokh1243,comp,no,comp-no,,
tokh1243-genre-149,tokh1243,genre,written,genre-written,,
tokh1243-ncases-150,tokh1243,ncases,3,ncases-3,,
tokh1243-nclass-150,tokh1243,nclass,3,nclass-3,,
tokh1243-nnumber-150,tokh1243,nnumber,2,nnumber-2,,
tokh1243-int-150,tokh1243,int,yes,int-yes,,
tokh1243-origin-150,tokh1243,origin,NA,origin-na,,
tokh1243-comp-150,tokh1243,comp,no,comp-no,,
tokh1243-genre-150,tokh1243,genre,written,genre-written,,
